ID,Domínio,Indicador,Unidade,2022_Base,2023,2024,Meta_2025,2025,2022_Base_Original,2023_Original,2024_Original,Meta_2025_Original,2025_Original,Fonte,Fonte URL,Fonte Bundle URL,Estado,Observação
IMP-saude-novas_camas_em_hospitais_cumulativo,Saúde,Novas Camas em Hospitais (Cumulativo),N.º,5250,5763,7019,,7304,5 250,5 763,7 019,NA,7 304,MINSA,https://www.minplan.gov.ao/en/publicacoes/relatorios-balanco-pdn,https://www.minplan.gov.ao/_next/static/chunks/c191322d36728caa.js,Extraído do bundle JavaScript lazy,* 2022 é o ano base; Meta 2025 é a meta anual publicada no bundle.
IMP-saude-taxa_de_cobertura_da_4_a_consulta_pre_natal,Saúde,Taxa de cobertura da 4.ª consulta pré-natal,%,44,70,75,56,60,44,70,75,56,60,MINSA,https://www.minplan.gov.ao/en/publicacoes/relatorios-balanco-pdn,https://www.minplan.gov.ao/_next/static/chunks/c191322d36728caa.js,Extraído do bundle JavaScript lazy,* 2022 é o ano base; Meta 2025 é a meta anual publicada no bundle.
IMP-saude-taxa_de_imunizacao_bcg,Saúde,Taxa de imunização BCG,%,79,96,85,86,78,79,96,85,86,78,MINSA,https://www.minplan.gov.ao/en/publicacoes/relatorios-balanco-pdn,https://www.minplan.gov.ao/_next/static/chunks/c191322d36728caa.js,Extraído do bundle JavaScript lazy,* 2022 é o ano base; Meta 2025 é a meta anual publicada no bundle.
IMP-saude-taxa_de_vacinacao_contra_o_sarampo,Saúde,Taxa de vacinação contra o sarampo,%,66,71,68,80,76,66,71,68,80,76,MINSA,https://www.minplan.gov.ao/en/publicacoes/relatorios-balanco-pdn,https://www.minplan.gov.ao/_next/static/chunks/c191322d36728caa.js,Extraído do bundle JavaScript lazy,* 2022 é o ano base; Meta 2025 é a meta anual publicada no bundle.
IMP-saude-taxa_de_incidencia_da_malaria,Saúde,Taxa de incidência da malária,Por 1 000 habitantes,255,266,307,215,298,255,266,307,215,298,MINSA,https://www.minplan.gov.ao/en/publicacoes/relatorios-balanco-pdn,https://www.minplan.gov.ao/_next/static/chunks/c191322d36728caa.js,Extraído do bundle JavaScript lazy,* 2022 é o ano base; Meta 2025 é a meta anual publicada no bundle.
IMP-saude-taxa_de_sucesso_do_tratamento_para_a_tuberculose,Saúde,Taxa de sucesso do tratamento para a tuberculose,%,70,67,74,76,91,70,67,74,76,91,MINSA,https://www.minplan.gov.ao/en/publicacoes/relatorios-balanco-pdn,https://www.minplan.gov.ao/_next/static/chunks/c191322d36728caa.js,Extraído do bundle JavaScript lazy,* 2022 é o ano base; Meta 2025 é a meta anual publicada no bundle.
IMP-saude-partos_institucionais_realizados_por_profissionais_qualificados,Saúde,Partos institucionais realizados por profissionais qualificados,%,34,49,51,56,64,34,49,51,56,64,MINSA,https://www.minplan.gov.ao/en/publicacoes/relatorios-balanco-pdn,https://www.minplan.gov.ao/_next/static/chunks/c191322d36728caa.js,Extraído do bundle JavaScript lazy,* 2022 é o ano base; Meta 2025 é a meta anual publicada no bundle.
IMP-proteccao_social-pessoas_integradas_em_actividades_geradoras_de_renda_cumulativo,Protecção Social,Pessoas integradas em actividades geradoras de renda (cumulativo),N.º,37000,37545,38289,99000,38917,37 000,37 545,38 289,99 000,38 917,MASFAMU,https://www.minplan.gov.ao/en/publicacoes/relatorios-balanco-pdn,https://www.minplan.gov.ao/_next/static/chunks/c191322d36728caa.js,Extraído do bundle JavaScript lazy,* 2022 é o ano base; Meta 2025 é a meta anual publicada no bundle.
IMP-proteccao_social-beneficiarios_de_transferencias_sociais_monetarias_cumulativo,Protecção Social,Beneficiários de transferências sociais monetárias (cumulativo),N.º,610832,951203,1070037,1800000,1350850,610 832,951 203,1 070 037,1 800 000,1 350 850,MASFAMU,https://www.minplan.gov.ao/en/publicacoes/relatorios-balanco-pdn,https://www.minplan.gov.ao/_next/static/chunks/c191322d36728caa.js,Extraído do bundle JavaScript lazy,* 2022 é o ano base; Meta 2025 é a meta anual publicada no bundle.
IMP-proteccao_social-familias_assistidas_com_cesta_basica_de_alimentos_cumulativo,Protecção Social,Famílias assistidas com cesta básica de alimentos (cumulativo),N.º,23070,30054,90419,83000,104807,23 070,30 054,90 419,83 000,104 807,MASFAMU,https://www.minplan.gov.ao/en/publicacoes/relatorios-balanco-pdn,https://www.minplan.gov.ao/_next/static/chunks/c191322d36728caa.js,Extraído do bundle JavaScript lazy,* 2022 é o ano base; Meta 2025 é a meta anual publicada no bundle.
IMP-comunicacao-numero_de_assinantes_de_internet,Comunicação,Número de assinantes de Internet,N.º/100 habitantes,30,33,36,42,50,30,33,36,42,50,MINTTICS,https://www.minplan.gov.ao/en/publicacoes/relatorios-balanco-pdn,https://www.minplan.gov.ao/_next/static/chunks/c191322d36728caa.js,Extraído do bundle JavaScript lazy,* 2022 é o ano base; Meta 2025 é a meta anual publicada no bundle.
IMP-comunicacao-numero_de_assinantes_de_servicos_moveis,Comunicação,Número de assinantes de serviços móveis,N.º/100 habitantes,72,75,75,79,78,72,75,75,79,78,MINTTICS,https://www.minplan.gov.ao/en/publicacoes/relatorios-balanco-pdn,https://www.minplan.gov.ao/_next/static/chunks/c191322d36728caa.js,Extraído do bundle JavaScript lazy,* 2022 é o ano base; Meta 2025 é a meta anual publicada no bundle.
IMP-educacao_e_formacao_profissional-salas_de_aula_do_ensino_primario_cumulativo,Educação e Formação Profissional,Salas de aula do Ensino Primário (cumulativo),N.º,60004,62395,61516,60018,65388,60 004,62 395,61 516,60 018,65 388,MED,https://www.minplan.gov.ao/en/publicacoes/relatorios-balanco-pdn,https://www.minplan.gov.ao/_next/static/chunks/c191322d36728caa.js,Extraído do bundle JavaScript lazy,* 2022 é o ano base; Meta 2025 é a meta anual publicada no bundle.
IMP-educacao_e_formacao_profissional-salas_de_aula_do_i_ciclo_do_ensino_secundario_cumulativo,Educação e Formação Profissional,Salas de aula do I Ciclo do Ensino Secundário (cumulativo),N.º,29323,36255,42192,16286,48972,29 323,36 255,42 192,16 286,48 972,MED,https://www.minplan.gov.ao/en/publicacoes/relatorios-balanco-pdn,https://www.minplan.gov.ao/_next/static/chunks/c191322d36728caa.js,Extraído do bundle JavaScript lazy,* 2022 é o ano base; Meta 2025 é a meta anual publicada no bundle.
IMP-educacao_e_formacao_profissional-salas_de_aula_do_ii_ciclo_do_ensino_secundario_cumulativo,Educação e Formação Profissional,Salas de aula do II Ciclo do Ensino Secundário (cumulativo),N.º,16409,15962,19174,11141,24435,16 409,15 962,19 174,11 141,24 435,MED,https://www.minplan.gov.ao/en/publicacoes/relatorios-balanco-pdn,https://www.minplan.gov.ao/_next/static/chunks/c191322d36728caa.js,Extraído do bundle JavaScript lazy,* 2022 é o ano base; Meta 2025 é a meta anual publicada no bundle.
IMP-educacao_e_formacao_profissional-taxa_de_alfabetizacao_da_populacao_maior_que_15_anos,Educação e Formação Profissional,Taxa de alfabetização da população maior que 15 anos,%,76,76,76,77,76,76,76,76,77,76,INE/MED,https://www.minplan.gov.ao/en/publicacoes/relatorios-balanco-pdn,https://www.minplan.gov.ao/_next/static/chunks/c191322d36728caa.js,Extraído do bundle JavaScript lazy,* 2022 é o ano base; Meta 2025 é a meta anual publicada no bundle.
IMP-educacao_e_formacao_profissional-taxa_de_conclusao_do_ensino_primario,Educação e Formação Profissional,Taxa de conclusão do Ensino Primário,%,61,58,58,69,58,61,58,58,69,58,MED,https://www.minplan.gov.ao/en/publicacoes/relatorios-balanco-pdn,https://www.minplan.gov.ao/_next/static/chunks/c191322d36728caa.js,Extraído do bundle JavaScript lazy,* 2022 é o ano base; Meta 2025 é a meta anual publicada no bundle.
IMP-educacao_e_formacao_profissional-taxa_de_conclusao_do_i_ciclo_do_ensino_secundario_ensino_geral,Educação e Formação Profissional,Taxa de conclusão do I Ciclo do Ensino Secundário (Ensino Geral),%,44,42,45,54,45,44,42,45,54,45,MED,https://www.minplan.gov.ao/en/publicacoes/relatorios-balanco-pdn,https://www.minplan.gov.ao/_next/static/chunks/c191322d36728caa.js,Extraído do bundle JavaScript lazy,* 2022 é o ano base; Meta 2025 é a meta anual publicada no bundle.
IMP-educacao_e_formacao_profissional-taxa_de_conclusao_do_ii_ciclo_do_ensino_secundario_ensino_geral,Educação e Formação Profissional,Taxa de conclusão do II Ciclo do Ensino Secundário (Ensino Geral),%,15,12,10,22,10,15,12,10,22,10,MED,https://www.minplan.gov.ao/en/publicacoes/relatorios-balanco-pdn,https://www.minplan.gov.ao/_next/static/chunks/c191322d36728caa.js,Extraído do bundle JavaScript lazy,* 2022 é o ano base; Meta 2025 é a meta anual publicada no bundle.
IMP-educacao_e_formacao_profissional-professores_de_ensino_pre_escolar_com_a_qualificacao_minima_exigida_cumulativo,Educação e Formação Profissional,Professores de Ensino Pré-escolar com a qualificação mínima exigida (cumulativo),%,65,80,,65,,65,80,—,65,—,MED,https://www.minplan.gov.ao/en/publicacoes/relatorios-balanco-pdn,https://www.minplan.gov.ao/_next/static/chunks/c191322d36728caa.js,Extraído do bundle JavaScript lazy,* 2022 é o ano base; Meta 2025 é a meta anual publicada no bundle.
IMP-educacao_e_formacao_profissional-professores_de_ensino_primario_com_a_qualificacao_minima_exigida_cumulativo,Educação e Formação Profissional,Professores de Ensino Primário com a qualificação mínima exigida (cumulativo),%,81,82,,70,,81,82,—,70,—,MED,https://www.minplan.gov.ao/en/publicacoes/relatorios-balanco-pdn,https://www.minplan.gov.ao/_next/static/chunks/c191322d36728caa.js,Extraído do bundle JavaScript lazy,* 2022 é o ano base; Meta 2025 é a meta anual publicada no bundle.
IMP-educacao_e_formacao_profissional-professores_de_ensino_secundario_com_a_qualificacao_minima_exigida_cumulativo,Educação e Formação Profissional,Professores de Ensino Secundário com a qualificação mínima exigida (cumulativo),%,83,84,,80,,83,84,—,80,—,MED,https://www.minplan.gov.ao/en/publicacoes/relatorios-balanco-pdn,https://www.minplan.gov.ao/_next/static/chunks/c191322d36728caa.js,Extraído do bundle JavaScript lazy,* 2022 é o ano base; Meta 2025 é a meta anual publicada no bundle.
IMP-educacao_e_formacao_profissional-numero_de_pessoas_formadas_pelo_snefp_cumulativo,Educação e Formação Profissional,Número de pessoas formadas pelo SNEFP (cumulativo),N.º,100194,188865,341490,353000,524016,100 194,188 865,341 490,353 000,524 016,UTGPNFQ,https://www.minplan.gov.ao/en/publicacoes/relatorios-balanco-pdn,https://www.minplan.gov.ao/_next/static/chunks/c191322d36728caa.js,Extraído do bundle JavaScript lazy,* 2022 é o ano base; Meta 2025 é a meta anual publicada no bundle.
IMP-educacao_e_formacao_profissional-kits_profissionais_distribuidos_cumulativo,Educação e Formação Profissional,Kits profissionais distribuídos (cumulativo),N.º,25483,27131,27580,27580,28070,25 483,27 131,27 580,27 580,28 070,MAPTSS,https://www.minplan.gov.ao/en/publicacoes/relatorios-balanco-pdn,https://www.minplan.gov.ao/_next/static/chunks/c191322d36728caa.js,Extraído do bundle JavaScript lazy,* 2022 é o ano base; Meta 2025 é a meta anual publicada no bundle.
IMP-educacao_e_formacao_profissional-estudantes_matriculados_no_ensino_superior_cumulativo,Educação e Formação Profissional,Estudantes matriculados no Ensino Superior (cumulativo),N.º,320432,334842,343235,411774,329548,320 432,334 842,343 235,411 774,329 548,MESCTI,https://www.minplan.gov.ao/en/publicacoes/relatorios-balanco-pdn,https://www.minplan.gov.ao/_next/static/chunks/c191322d36728caa.js,Extraído do bundle JavaScript lazy,* 2022 é o ano base; Meta 2025 é a meta anual publicada no bundle.
IMP-infraestruturas_habitacao_e_servicos_comunitarios-estradas_nacionais_reabilitadas_cumulativo,"Infraestruturas, Habitação e Serviços Comunitários",Estradas Nacionais reabilitadas (cumulativo),Km,9474,9924,10121,10424,10338.64,9 474,9 924,10 121,10 424,"10 338,64",MINOPUH,https://www.minplan.gov.ao/en/publicacoes/relatorios-balanco-pdn,https://www.minplan.gov.ao/_next/static/chunks/c191322d36728caa.js,Extraído do bundle JavaScript lazy,* 2022 é o ano base; Meta 2025 é a meta anual publicada no bundle.
IMP-infraestruturas_habitacao_e_servicos_comunitarios-equipamentos_sociais_construidos_ou_reabilitados_cumulativo,"Infraestruturas, Habitação e Serviços Comunitários",Equipamentos sociais construídos ou reabilitados (cumulativo),N.º,151,160,167,801,204,151,160,167,801,204,MINOPUH,https://www.minplan.gov.ao/en/publicacoes/relatorios-balanco-pdn,https://www.minplan.gov.ao/_next/static/chunks/c191322d36728caa.js,Extraído do bundle JavaScript lazy,* 2022 é o ano base; Meta 2025 é a meta anual publicada no bundle.
IMP-infraestruturas_habitacao_e_servicos_comunitarios-construcao_e_reabilitacao_de_pontes_cumulativo,"Infraestruturas, Habitação e Serviços Comunitários",Construção e reabilitação de pontes (cumulativo),M,3910,4400,5360,10114,5950.5,3 910,4 400,5 360,10 114,"5 950,5",MINOPUH,https://www.minplan.gov.ao/en/publicacoes/relatorios-balanco-pdn,https://www.minplan.gov.ao/_next/static/chunks/c191322d36728caa.js,Extraído do bundle JavaScript lazy,* 2022 é o ano base; Meta 2025 é a meta anual publicada no bundle.
IMP-infraestruturas_habitacao_e_servicos_comunitarios-taxa_de_electrificacao,"Infraestruturas, Habitação e Serviços Comunitários",Taxa de electrificação,% da população,43,43,44,47,48,43,43,44,47,48,MINEA,https://www.minplan.gov.ao/en/publicacoes/relatorios-balanco-pdn,https://www.minplan.gov.ao/_next/static/chunks/c191322d36728caa.js,Extraído do bundle JavaScript lazy,* 2022 é o ano base; Meta 2025 é a meta anual publicada no bundle.
IMP-infraestruturas_habitacao_e_servicos_comunitarios-numero_de_ligacoes_cumulativo,"Infraestruturas, Habitação e Serviços Comunitários",Número de ligações (cumulativo),Milhões,2,2,2,3,2,2,2,2,3,2,MINEA,https://www.minplan.gov.ao/en/publicacoes/relatorios-balanco-pdn,https://www.minplan.gov.ao/_next/static/chunks/c191322d36728caa.js,Extraído do bundle JavaScript lazy,* 2022 é o ano base; Meta 2025 é a meta anual publicada no bundle.
IMP-infraestruturas_habitacao_e_servicos_comunitarios-numero_de_sedes_municipais_com_distribuicao_de_energia_pela_ende,"Infraestruturas, Habitação e Serviços Comunitários",Número de sedes municipais com distribuição de energia pela ENDE,N.º,90,90,92,95,96,90,90,92,95,96,MINEA,https://www.minplan.gov.ao/en/publicacoes/relatorios-balanco-pdn,https://www.minplan.gov.ao/_next/static/chunks/c191322d36728caa.js,Extraído do bundle JavaScript lazy,* 2022 é o ano base; Meta 2025 é a meta anual publicada no bundle.
IMP-infraestruturas_habitacao_e_servicos_comunitarios-de_producao_total_de_energia_de_fontes_renovaveis,"Infraestruturas, Habitação e Serviços Comunitários",% de produção total de energia de fontes renováveis,%,65,65,66,68,66,65,65,66,68,66,MINEA,https://www.minplan.gov.ao/en/publicacoes/relatorios-balanco-pdn,https://www.minplan.gov.ao/_next/static/chunks/c191322d36728caa.js,Extraído do bundle JavaScript lazy,* 2022 é o ano base; Meta 2025 é a meta anual publicada no bundle.
IMP-infraestruturas_habitacao_e_servicos_comunitarios-potencia_instalada_proveniente_de_fontes_renovaveis,"Infraestruturas, Habitação e Serviços Comunitários",Potência instalada proveniente de fontes renováveis,GW,4,4,5,4,4,4,4,5,4,4,MINEA,https://www.minplan.gov.ao/en/publicacoes/relatorios-balanco-pdn,https://www.minplan.gov.ao/_next/static/chunks/c191322d36728caa.js,Extraído do bundle JavaScript lazy,* 2022 é o ano base; Meta 2025 é a meta anual publicada no bundle.
IMP-infraestruturas_habitacao_e_servicos_comunitarios-quantidade_de_agua_tratada_cumulativo,"Infraestruturas, Habitação e Serviços Comunitários",Quantidade de água tratada (cumulativo),Mm³/d,1320,1324,1325,1630,1325,1 320,1 324,1 325,1 630,1 325,MINEA,https://www.minplan.gov.ao/en/publicacoes/relatorios-balanco-pdn,https://www.minplan.gov.ao/_next/static/chunks/c191322d36728caa.js,Extraído do bundle JavaScript lazy,* 2022 é o ano base; Meta 2025 é a meta anual publicada no bundle.
IMP-infraestruturas_habitacao_e_servicos_comunitarios-taxa_de_cobertura_de_aguas_nas_areas_urbanas,"Infraestruturas, Habitação e Serviços Comunitários",Taxa de cobertura de águas nas áreas urbanas,%,72,72,72,,75,72,72,72,—,75,MINEA,https://www.minplan.gov.ao/en/publicacoes/relatorios-balanco-pdn,https://www.minplan.gov.ao/_next/static/chunks/c191322d36728caa.js,Extraído do bundle JavaScript lazy,* 2022 é o ano base; Meta 2025 é a meta anual publicada no bundle.
IMP-infraestruturas_habitacao_e_servicos_comunitarios-taxa_de_cobertura_de_aguas_nas_areas_rurais,"Infraestruturas, Habitação e Serviços Comunitários",Taxa de cobertura de águas nas áreas rurais,%,70,70,70,,30,70,70,70,—,30,MINEA,https://www.minplan.gov.ao/en/publicacoes/relatorios-balanco-pdn,https://www.minplan.gov.ao/_next/static/chunks/c191322d36728caa.js,Extraído do bundle JavaScript lazy,* 2022 é o ano base; Meta 2025 é a meta anual publicada no bundle.
IMP-fomento_a_producao-toneladas_de_carne_produzidas,Fomento à Produção,Toneladas de carne produzidas,Toneladas,319962,341943,333238,531444,357668,319 962,341 943,333 238,531 444,357 668,MINAGRIF,https://www.minplan.gov.ao/en/publicacoes/relatorios-balanco-pdn,https://www.minplan.gov.ao/_next/static/chunks/c191322d36728caa.js,Extraído do bundle JavaScript lazy,* 2022 é o ano base; Meta 2025 é a meta anual publicada no bundle.
IMP-fomento_a_producao-toneladas_de_raizes_e_tuberculos_produzidas,Fomento à Produção,Toneladas de raízes e tubérculos produzidas,Toneladas,12922711,13743973,14582355,17311162,16131827,12 922 711,13 743 973,14 582 355,17 311 162,16 131 827,MINAGRIF,https://www.minplan.gov.ao/en/publicacoes/relatorios-balanco-pdn,https://www.minplan.gov.ao/_next/static/chunks/c191322d36728caa.js,Extraído do bundle JavaScript lazy,* 2022 é o ano base; Meta 2025 é a meta anual publicada no bundle.
IMP-fomento_a_producao-toneladas_de_fruta_produzidas,Fomento à Produção,Toneladas de fruta produzidas,Toneladas,6079785,6487767,6896497,7851527,7278221,6 079 785,6 487 767,6 896 497,7 851 527,7 278 221,MINAGRIF,https://www.minplan.gov.ao/en/publicacoes/relatorios-balanco-pdn,https://www.minplan.gov.ao/_next/static/chunks/c191322d36728caa.js,Extraído do bundle JavaScript lazy,* 2022 é o ano base; Meta 2025 é a meta anual publicada no bundle.
IMP-fomento_a_producao-toneladas_de_cereais_produzidas,Fomento à Produção,Toneladas de cereais produzidas,Toneladas,3187951,3357136,3521636,7903325,3763948,3 187 951,3 357 136,3 521 636,7 903 325,3 763 948,MINAGRIF,https://www.minplan.gov.ao/en/publicacoes/relatorios-balanco-pdn,https://www.minplan.gov.ao/_next/static/chunks/c191322d36728caa.js,Extraído do bundle JavaScript lazy,* 2022 é o ano base; Meta 2025 é a meta anual publicada no bundle.
IMP-fomento_a_producao-toneladas_de_horticolas_produzidas,Fomento à Produção,Toneladas de hortícolas produzidas,Toneladas,1975867,2203362,2359801,2373450,2552238,1 975 867,2 203 362,2 359 801,2 373 450,2 552 238,MINAGRIF,https://www.minplan.gov.ao/en/publicacoes/relatorios-balanco-pdn,https://www.minplan.gov.ao/_next/static/chunks/c191322d36728caa.js,Extraído do bundle JavaScript lazy,* 2022 é o ano base; Meta 2025 é a meta anual publicada no bundle.
IMP-fomento_a_producao-ovos_produzidos,Fomento à Produção,Ovos produzidos,Milhões,2694,2761,2422,2981,2545,2 694,2 761,2 422,2 981,2 545,MINAGRIF,https://www.minplan.gov.ao/en/publicacoes/relatorios-balanco-pdn,https://www.minplan.gov.ao/_next/static/chunks/c191322d36728caa.js,Extraído do bundle JavaScript lazy,* 2022 é o ano base; Meta 2025 é a meta anual publicada no bundle.
IMP-fomento_a_producao-litros_de_leite_produzidos,Fomento à Produção,Litros de leite produzidos,Milhões de Litros,6,6,6,12,6,6,6,6,12,6,MINAGRIF,https://www.minplan.gov.ao/en/publicacoes/relatorios-balanco-pdn,https://www.minplan.gov.ao/_next/static/chunks/c191322d36728caa.js,Extraído do bundle JavaScript lazy,* 2022 é o ano base; Meta 2025 é a meta anual publicada no bundle.
IMP-fomento_a_producao-unidades_industriais_no_subsector_da_industria_pesqueira_e_de_transformacao_de_carne_instaladas_cumulativo,Fomento à Produção,Unidades industriais no subsector da indústria pesqueira e de transformação de carne instaladas (cumulativo),N.º,9,18,72,30,93,9,18,72,30,93,MINDCOM,https://www.minplan.gov.ao/en/publicacoes/relatorios-balanco-pdn,https://www.minplan.gov.ao/_next/static/chunks/c191322d36728caa.js,Extraído do bundle JavaScript lazy,* 2022 é o ano base; Meta 2025 é a meta anual publicada no bundle.
IMP-fomento_a_producao-toneladas_de_peixe_de_captura_industrial_e_semi_industrial_produzidas,Fomento à Produção,Toneladas de peixe de captura industrial e semi-industrial produzidas,Milhares de Toneladas,335,346,374,357,273,335,346,374,357,273,MINPERMAR,https://www.minplan.gov.ao/en/publicacoes/relatorios-balanco-pdn,https://www.minplan.gov.ao/_next/static/chunks/c191322d36728caa.js,Extraído do bundle JavaScript lazy,* 2022 é o ano base; Meta 2025 é a meta anual publicada no bundle.
IMP-economico-taxa_de_crescimento_do_pib,Económico,Taxa de crescimento do PIB,%,4,1,5,3,3,4,1,5,3,3,INE/MINPLAN,https://www.minplan.gov.ao/en/publicacoes/relatorios-balanco-pdn,https://www.minplan.gov.ao/_next/static/chunks/c191322d36728caa.js,Extraído do bundle JavaScript lazy,* 2022 é o ano base; Meta 2025 é a meta anual publicada no bundle.
IMP-economico-taxa_de_crescimento_do_pib_nao_petrolifero,Económico,Taxa de crescimento do PIB não petrolífero,%,4,2,5,6,5,4,2,5,6,5,INE/MINPLAN,https://www.minplan.gov.ao/en/publicacoes/relatorios-balanco-pdn,https://www.minplan.gov.ao/_next/static/chunks/c191322d36728caa.js,Extraído do bundle JavaScript lazy,* 2022 é o ano base; Meta 2025 é a meta anual publicada no bundle.
IMP-economico-taxa_de_inflacao,Económico,Taxa de inflação,%,14,20,28,18,16,14,20,28,18,16,INE,https://www.minplan.gov.ao/en/publicacoes/relatorios-balanco-pdn,https://www.minplan.gov.ao/_next/static/chunks/c191322d36728caa.js,Extraído do bundle JavaScript lazy,* 2022 é o ano base; Meta 2025 é a meta anual publicada no bundle.
IMP-economico-empregos_formais_bruto_gerados,Económico,Empregos Formais Bruto Gerados,N.º,193078,191800,225157,,220509,193 078,191 800,225 157,—,220 509,INSS/MAPTSS,https://www.minplan.gov.ao/en/publicacoes/relatorios-balanco-pdn,https://www.minplan.gov.ao/_next/static/chunks/c191322d36728caa.js,Extraído do bundle JavaScript lazy,* 2022 é o ano base; Meta 2025 é a meta anual publicada no bundle.
IMP-economico-empregos_formais_liquidos_gerados,Económico,Empregos Formais Líquidos Gerados,N.º,176966,182541,218669,,214264,176 966,182 541,218 669,—,214 264,INSS/MAPTSS,https://www.minplan.gov.ao/en/publicacoes/relatorios-balanco-pdn,https://www.minplan.gov.ao/_next/static/chunks/c191322d36728caa.js,Extraído do bundle JavaScript lazy,* 2022 é o ano base; Meta 2025 é a meta anual publicada no bundle.
IMP-economico-taxa_de_desemprego,Económico,Taxa de Desemprego,%,30,30,30,25,26.9,30,30,30,25,"26,9",INE,https://www.minplan.gov.ao/en/publicacoes/relatorios-balanco-pdn,https://www.minplan.gov.ao/_next/static/chunks/c191322d36728caa.js,Extraído do bundle JavaScript lazy,* 2022 é o ano base; Meta 2025 é a meta anual publicada no bundle.
