Nível,ID,Domínio,Nome,A_2023,A_2024,A_2025,A_2025_sem_tecto,A_2025_vs_MetaMINPLAN
Indicador,IMP-saude-taxa_de_cobertura_da_4_a_consulta_pre_natal,Saúde,Taxa de cobertura da 4.ª consulta pré-natal,100.0,100.0,100.0,107.14285714285714,107.14285714285714
Indicador,IMP-saude-taxa_de_imunizacao_bcg,Saúde,Taxa de imunização BCG,100.0,100.0,90.69767441860465,90.69767441860465,90.69767441860465
Indicador,IMP-saude-taxa_de_vacinacao_contra_o_sarampo,Saúde,Taxa de vacinação contra o sarampo,100.0,90.26548672566372,95.0,95.0,95.0
Indicador,IMP-saude-taxa_de_incidencia_da_malaria,Saúde,Taxa de incidência da malária,90.85213032581453,74.3756786102063,72.14765100671141,72.14765100671141,72.14765100671141
Indicador,IMP-saude-taxa_de_sucesso_do_tratamento_para_a_tuberculose,Saúde,Taxa de sucesso do tratamento para a tuberculose,93.05555555555556,100.0,100.0,119.73684210526316,119.73684210526316
Indicador,IMP-saude-partos_institucionais_realizados_por_profissionais_qualificados,Saúde,Partos institucionais realizados por profissionais qualificados,100.0,100.0,100.0,114.28571428571428,114.28571428571428
Indicador,IMP-proteccao_social-pessoas_integradas_em_actividades_geradoras_de_renda_cumulativo,Protecção Social,Pessoas integradas em actividades geradoras de renda (cumulativo),65.10693641618496,48.8795744680851,39.310101010101015,39.310101010101015,39.310101010101015
Indicador,IMP-proteccao_social-beneficiarios_de_transferencias_sociais_monetarias_cumulativo,Protecção Social,Beneficiários de transferências sociais monetárias (cumulativo),94.43832934436126,76.23460161792255,75.04722222222222,75.04722222222222,75.04722222222222
Indicador,IMP-proteccao_social-familias_assistidas_com_cesta_basica_de_alimentos_cumulativo,Protecção Social,Famílias assistidas com cesta básica de alimentos (cumulativo),69.81725259408394,100.0,100.0,126.27349397590362,126.27349397590362
Indicador,IMP-comunicacao-numero_de_assinantes_de_internet,Comunicação,Número de assinantes de Internet,97.05882352941177,94.73684210526315,100.0,119.04761904761905,119.04761904761905
Indicador,IMP-comunicacao-numero_de_assinantes_de_servicos_moveis,Comunicação,Número de assinantes de serviços móveis,100.0,97.82608695652173,98.73417721518987,98.73417721518987,98.73417721518987
Indicador,IMP-educacao_e_formacao_profissional-salas_de_aula_do_ensino_primario_cumulativo,Educação e Formação Profissional,Salas de aula do Ensino Primário (cumulativo),100.0,100.0,100.0,108.94731580525843,108.94731580525843
Indicador,IMP-educacao_e_formacao_profissional-salas_de_aula_do_i_ciclo_do_ensino_secundario_cumulativo,Educação e Formação Profissional,Salas de aula do I Ciclo do Ensino Secundário (cumulativo),100.0,100.0,100.0,300.6999877195137,300.6999877195137
Indicador,IMP-educacao_e_formacao_profissional-salas_de_aula_do_ii_ciclo_do_ensino_secundario_cumulativo,Educação e Formação Profissional,Salas de aula do II Ciclo do Ensino Secundário (cumulativo),100.0,100.0,100.0,219.32501570774616,219.32501570774616
Indicador,IMP-educacao_e_formacao_profissional-taxa_de_alfabetizacao_da_populacao_maior_que_15_anos,Educação e Formação Profissional,Taxa de alfabetização da população maior que 15 anos,99.56331877729258,99.13043478260869,98.7012987012987,98.7012987012987,98.7012987012987
Indicador,IMP-educacao_e_formacao_profissional-taxa_de_conclusao_do_ensino_primario,Educação e Formação Profissional,Taxa de conclusão do Ensino Primário,91.09947643979058,87.43718592964824,84.05797101449275,84.05797101449275,84.05797101449275
Indicador,IMP-educacao_e_formacao_profissional-taxa_de_conclusao_do_i_ciclo_do_ensino_secundario_ensino_geral,Educação e Formação Profissional,Taxa de conclusão do I Ciclo do Ensino Secundário (Ensino Geral),88.73239436619717,88.81578947368422,83.33333333333334,83.33333333333334,83.33333333333334
Indicador,IMP-educacao_e_formacao_profissional-taxa_de_conclusao_do_ii_ciclo_do_ensino_secundario_ensino_geral,Educação e Formação Profissional,Taxa de conclusão do II Ciclo do Ensino Secundário (Ensino Geral),69.23076923076924,50.847457627118644,45.45454545454545,45.45454545454545,45.45454545454545
Indicador,IMP-educacao_e_formacao_profissional-professores_de_ensino_pre_escolar_com_a_qualificacao_minima_exigida_cumulativo,Educação e Formação Profissional,Professores de Ensino Pré-escolar com a qualificação mínima exigida (cumulativo),100.0,,,,
Indicador,IMP-educacao_e_formacao_profissional-professores_de_ensino_primario_com_a_qualificacao_minima_exigida_cumulativo,Educação e Formação Profissional,Professores de Ensino Primário com a qualificação mínima exigida (cumulativo),100.0,,,,
Indicador,IMP-educacao_e_formacao_profissional-professores_de_ensino_secundario_com_a_qualificacao_minima_exigida_cumulativo,Educação e Formação Profissional,Professores de Ensino Secundário com a qualificação mínima exigida (cumulativo),100.0,,,,
Indicador,IMP-educacao_e_formacao_profissional-numero_de_pessoas_formadas_pelo_snefp_cumulativo,Educação e Formação Profissional,Número de pessoas formadas pelo SNEFP (cumulativo),100.0,100.0,100.0,148.44645892351275,148.44645892351275
Indicador,IMP-educacao_e_formacao_profissional-kits_profissionais_distribuidos_cumulativo,Educação e Formação Profissional,Kits profissionais distribuídos (cumulativo),100.0,100.0,100.0,101.77664974619289,101.77664974619289
Indicador,IMP-educacao_e_formacao_profissional-estudantes_matriculados_no_ensino_superior_cumulativo,Educação e Formação Profissional,Estudantes matriculados no Ensino Superior (cumulativo),95.42938788073393,90.01075193622266,80.03127929398165,80.03127929398165,80.03127929398165
Indicador,IMP-infraestruturas_habitacao_e_servicos_comunitarios-estradas_nacionais_reabilitadas_cumulativo,"Infraestruturas, Habitação e Serviços Comunitários",Estradas Nacionais reabilitadas (cumulativo),100.0,100.0,99.18112049117421,99.18112049117421,99.18112049117421
Indicador,IMP-infraestruturas_habitacao_e_servicos_comunitarios-equipamentos_sociais_construidos_ou_reabilitados_cumulativo,"Infraestruturas, Habitação e Serviços Comunitários",Equipamentos sociais construídos ou reabilitados (cumulativo),43.51767905711696,28.579577866514548,25.468164794007492,25.468164794007492,25.468164794007492
Indicador,IMP-infraestruturas_habitacao_e_servicos_comunitarios-construcao_e_reabilitacao_de_pontes_cumulativo,"Infraestruturas, Habitação e Serviços Comunitários",Construção e reabilitação de pontes (cumulativo),73.60321177651389,66.61695252299279,58.834289104211976,58.834289104211976,58.834289104211976
Indicador,IMP-infraestruturas_habitacao_e_servicos_comunitarios-taxa_de_electrificacao,"Infraestruturas, Habitação e Serviços Comunitários",Taxa de electrificação,96.99248120300751,96.35036496350365,100.0,102.12765957446808,102.12765957446808
Indicador,IMP-infraestruturas_habitacao_e_servicos_comunitarios-numero_de_ligacoes_cumulativo,"Infraestruturas, Habitação e Serviços Comunitários",Número de ligações (cumulativo),85.71428571428571,75.0,66.66666666666666,66.66666666666666,66.66666666666666
Indicador,IMP-infraestruturas_habitacao_e_servicos_comunitarios-numero_de_sedes_municipais_com_distribuicao_de_energia_pela_ende,"Infraestruturas, Habitação e Serviços Comunitários",Número de sedes municipais com distribuição de energia pela ENDE,98.21390252341226,98.60325552186733,100.0,101.05263157894737,101.05263157894737
Indicador,IMP-infraestruturas_habitacao_e_servicos_comunitarios-de_producao_total_de_energia_de_fontes_renovaveis,"Infraestruturas, Habitação e Serviços Comunitários",% de produção total de energia de fontes renováveis,98.48484848484848,98.50746268656717,97.05882352941177,97.05882352941177,97.05882352941177
Indicador,IMP-infraestruturas_habitacao_e_servicos_comunitarios-potencia_instalada_proveniente_de_fontes_renovaveis,"Infraestruturas, Habitação e Serviços Comunitários",Potência instalada proveniente de fontes renováveis,100.0,100.0,100.0,100.0,100.0
Indicador,IMP-infraestruturas_habitacao_e_servicos_comunitarios-quantidade_de_agua_tratada_cumulativo,"Infraestruturas, Habitação e Serviços Comunitários",Quantidade de água tratada (cumulativo),93.02107728337236,86.79039301310043,81.28834355828221,81.28834355828221,81.28834355828221
Indicador,IMP-fomento_a_producao-toneladas_de_carne_produzidas,Fomento à Produção,Toneladas de carne produzidas,90.2406634679198,74.25916237921932,67.30116437479772,67.30116437479772,67.30116437479772
Indicador,IMP-fomento_a_producao-toneladas_de_raizes_e_tuberculos_produzidas,Fomento à Produção,Toneladas de raízes e tubérculos produzidas,96.47937138259233,92.85935063576518,93.18743016788821,93.18743016788821,93.18743016788821
Indicador,IMP-fomento_a_producao-toneladas_de_fruta_produzidas,Fomento à Produção,Toneladas de fruta produzidas,97.99074371337012,95.65251470485501,92.69815922431394,92.69815922431394,92.69815922431394
Indicador,IMP-fomento_a_producao-toneladas_de_cereais_produzidas,Fomento à Produção,Toneladas de cereais produzidas,77.80805569119104,60.30694907454386,47.624866749121416,47.624866749121416,47.624866749121416
Indicador,IMP-fomento_a_producao-toneladas_de_horticolas_produzidas,Fomento à Produção,Toneladas de hortícolas produzidas,100.0,100.0,100.0,107.53283195348544,107.53283195348544
Indicador,IMP-fomento_a_producao-ovos_produzidos,Fomento à Produção,Ovos produzidos,99.0863932531793,84.03630674856511,85.37403555853741,85.37403555853741,85.37403555853741
Indicador,IMP-fomento_a_producao-litros_de_leite_produzidos,Fomento à Produção,Litros de leite produzidos,79.37005259840998,62.99605249474366,50.0,50.0,50.0
Indicador,IMP-fomento_a_producao-unidades_industriais_no_subsector_da_industria_pesqueira_e_de_transformacao_de_carne_instaladas_cumulativo,Fomento à Produção,Unidades industriais no subsector da indústria pesqueira e de transformação de carne instaladas (cumulativo),100.0,100.0,100.0,310.0,310.0
Indicador,IMP-fomento_a_producao-toneladas_de_peixe_de_captura_industrial_e_semi_industrial_produzidas,Fomento à Produção,Toneladas de peixe de captura industrial e semi-industrial produzidas,100.0,100.0,76.47058823529412,76.47058823529412,76.47058823529412
Indicador,IMP-economico-taxa_de_crescimento_do_pib,Económico,Taxa de crescimento do PIB,27.272727272727277,100.0,100.0,100.0,100.0
Indicador,IMP-economico-taxa_de_crescimento_do_pib_nao_petrolifero,Económico,Taxa de crescimento do PIB não petrolífero,42.857142857142854,93.75,83.33333333333334,83.33333333333334,83.33333333333334
Indicador,IMP-economico-taxa_de_inflacao,Económico,Taxa de inflação,76.66666666666667,59.523809523809526,100.0,112.5,112.5
Indicador,IMP-economico-taxa_de_desemprego,Económico,Taxa de Desemprego,94.44444444444444,88.8888888888889,92.93680297397769,92.93680297397769,92.93680297397769
Domínio,,Saúde,Saúde,97.317947646895,94.10686088931168,92.97422090421935,,
Domínio,,Protecção Social,Protecção Social,76.45417278487672,75.03805869533589,71.45244107744108,,
Domínio,,Comunicação,Comunicação,98.52941176470588,96.28146453089244,99.36708860759494,,
Domínio,,Educação e Formação Profissional,Educação e Formação Profissional,95.69656513036797,91.62416197492824,89.15784277976519,,
Domínio,,"Infraestruturas, Habitação e Serviços Comunitários","Infraestruturas, Habitação e Serviços Comunitários",87.72749844917301,83.38311184161621,80.94415646041715,,
Domínio,,Fomento à Produção,Fomento à Produção,93.44169778962917,85.56781511529913,79.18402714555032,,
Domínio,,Económico,Económico,60.310245310245314,85.54067460317461,94.06753407682776,,
Global,,,Índice de execução percentual (média dos domínios),87.06821983941329,87.36316395007974,86.7353301502594,,
