ID,Domínio,Indicador,Unidade,Direcção,Método,M_2022,M_2023,M_2024,M_2025,M_2026,M_2027,Origem_Meta_2027
IMP-saude-taxa_de_cobertura_da_4_a_consulta_pre_natal,Saúde,Taxa de cobertura da 4.ª consulta pré-natal,%,Maior é melhor,Linear,44.0,48.0,52.0,56.0,60.0,64.0,Derivada: extensão linear da trajectória planeada 2022-2025
IMP-saude-taxa_de_imunizacao_bcg,Saúde,Taxa de imunização BCG,%,Maior é melhor,Linear,79.0,81.33333333333333,83.66666666666667,86.0,88.33333333333334,90.66666666666667,Derivada: extensão linear da trajectória planeada 2022-2025
IMP-saude-taxa_de_vacinacao_contra_o_sarampo,Saúde,Taxa de vacinação contra o sarampo,%,Maior é melhor,Linear,66.0,70.66666666666667,75.33333333333333,80.0,84.66666666666666,89.33333333333333,Derivada: extensão linear da trajectória planeada 2022-2025
IMP-saude-taxa_de_incidencia_da_malaria,Saúde,Taxa de incidência da malária,Por 1 000 habitantes,Menor é melhor,Linear,255.0,241.66666666666666,228.33333333333334,215.0,201.66666666666666,188.33333333333331,Derivada: extensão linear da trajectória planeada 2022-2025
IMP-saude-taxa_de_sucesso_do_tratamento_para_a_tuberculose,Saúde,Taxa de sucesso do tratamento para a tuberculose,%,Maior é melhor,Linear,70.0,72.0,74.0,76.0,78.0,80.0,Derivada: extensão linear da trajectória planeada 2022-2025
IMP-saude-partos_institucionais_realizados_por_profissionais_qualificados,Saúde,Partos institucionais realizados por profissionais qualificados,%,Maior é melhor,Linear,34.0,41.333333333333336,48.666666666666664,56.0,63.33333333333333,70.66666666666666,Derivada: extensão linear da trajectória planeada 2022-2025
IMP-proteccao_social-pessoas_integradas_em_actividades_geradoras_de_renda_cumulativo,Protecção Social,Pessoas integradas em actividades geradoras de renda (cumulativo),N.º,Maior é melhor,Linear,37000.0,57666.66666666667,78333.33333333334,99000.0,119666.66666666666,140333.3333333333,Derivada: extensão linear da trajectória planeada 2022-2025
IMP-proteccao_social-beneficiarios_de_transferencias_sociais_monetarias_cumulativo,Protecção Social,Beneficiários de transferências sociais monetárias (cumulativo),N.º,Maior é melhor,Linear,610832.0,1007221.3333333333,1403610.6666666665,1800000.0,2196389.3333333335,2592778.666666667,Derivada: extensão linear da trajectória planeada 2022-2025
IMP-proteccao_social-familias_assistidas_com_cesta_basica_de_alimentos_cumulativo,Protecção Social,Famílias assistidas com cesta básica de alimentos (cumulativo),N.º,Maior é melhor,Linear,23070.0,43046.66666666667,63023.333333333336,83000.0,102976.66666666666,122953.33333333333,Derivada: extensão linear da trajectória planeada 2022-2025
IMP-comunicacao-numero_de_assinantes_de_internet,Comunicação,Número de assinantes de Internet,N.º/100 habitantes,Maior é melhor,Linear,30.0,34.0,38.0,42.0,46.0,50.0,Derivada: extensão linear da trajectória planeada 2022-2025
IMP-comunicacao-numero_de_assinantes_de_servicos_moveis,Comunicação,Número de assinantes de serviços móveis,N.º/100 habitantes,Maior é melhor,Linear,72.0,74.33333333333333,76.66666666666667,79.0,81.33333333333334,83.66666666666667,Derivada: extensão linear da trajectória planeada 2022-2025
IMP-educacao_e_formacao_profissional-salas_de_aula_do_ensino_primario_cumulativo,Educação e Formação Profissional,Salas de aula do Ensino Primário (cumulativo),N.º,Maior é melhor,Linear,60004.0,60008.666666666664,60013.333333333336,60018.0,60022.66666666667,60027.333333333336,Derivada: extensão linear da trajectória planeada 2022-2025
IMP-educacao_e_formacao_profissional-salas_de_aula_do_i_ciclo_do_ensino_secundario_cumulativo,Educação e Formação Profissional,Salas de aula do I Ciclo do Ensino Secundário (cumulativo),N.º,Maior é melhor,Linear,29323.0,24977.333333333332,20631.666666666664,16286.0,16286.0,16286.0,Derivada: Meta MINPLAN 2025 mantida constante até 2027
IMP-educacao_e_formacao_profissional-salas_de_aula_do_ii_ciclo_do_ensino_secundario_cumulativo,Educação e Formação Profissional,Salas de aula do II Ciclo do Ensino Secundário (cumulativo),N.º,Maior é melhor,Linear,16409.0,14653.0,12897.0,11141.0,11141.0,11141.0,Derivada: Meta MINPLAN 2025 mantida constante até 2027
IMP-educacao_e_formacao_profissional-taxa_de_alfabetizacao_da_populacao_maior_que_15_anos,Educação e Formação Profissional,Taxa de alfabetização da população maior que 15 anos,%,Maior é melhor,Linear,76.0,76.33333333333333,76.66666666666667,77.0,77.5,78.0,Meta PDN 2027 publicada (p. 55)
IMP-educacao_e_formacao_profissional-taxa_de_conclusao_do_ensino_primario,Educação e Formação Profissional,Taxa de conclusão do Ensino Primário,%,Maior é melhor,Linear,61.0,63.666666666666664,66.33333333333333,69.0,71.66666666666666,74.33333333333333,Derivada: extensão linear da trajectória planeada 2022-2025
IMP-educacao_e_formacao_profissional-taxa_de_conclusao_do_i_ciclo_do_ensino_secundario_ensino_geral,Educação e Formação Profissional,Taxa de conclusão do I Ciclo do Ensino Secundário (Ensino Geral),%,Maior é melhor,Linear,44.0,47.333333333333336,50.666666666666664,54.0,57.333333333333336,60.66666666666667,Derivada: extensão linear da trajectória planeada 2022-2025
IMP-educacao_e_formacao_profissional-taxa_de_conclusao_do_ii_ciclo_do_ensino_secundario_ensino_geral,Educação e Formação Profissional,Taxa de conclusão do II Ciclo do Ensino Secundário (Ensino Geral),%,Maior é melhor,Linear,15.0,17.333333333333332,19.666666666666668,22.0,24.333333333333332,26.666666666666664,Derivada: extensão linear da trajectória planeada 2022-2025
IMP-educacao_e_formacao_profissional-professores_de_ensino_pre_escolar_com_a_qualificacao_minima_exigida_cumulativo,Educação e Formação Profissional,Professores de Ensino Pré-escolar com a qualificação mínima exigida (cumulativo),%,Maior é melhor,Linear,65.0,65.0,65.0,65.0,65.0,65.0,Derivada: Meta MINPLAN 2025 mantida constante até 2027
IMP-educacao_e_formacao_profissional-professores_de_ensino_primario_com_a_qualificacao_minima_exigida_cumulativo,Educação e Formação Profissional,Professores de Ensino Primário com a qualificação mínima exigida (cumulativo),%,Maior é melhor,Linear,81.0,77.33333333333333,73.66666666666667,70.0,70.0,70.0,Derivada: Meta MINPLAN 2025 mantida constante até 2027
IMP-educacao_e_formacao_profissional-professores_de_ensino_secundario_com_a_qualificacao_minima_exigida_cumulativo,Educação e Formação Profissional,Professores de Ensino Secundário com a qualificação mínima exigida (cumulativo),%,Maior é melhor,Linear,83.0,82.0,81.0,80.0,80.0,80.0,Derivada: Meta MINPLAN 2025 mantida constante até 2027
IMP-educacao_e_formacao_profissional-numero_de_pessoas_formadas_pelo_snefp_cumulativo,Educação e Formação Profissional,Número de pessoas formadas pelo SNEFP (cumulativo),N.º,Maior é melhor,Linear,100194.0,184462.6666666667,268731.3333333334,353000.0,437268.6666666666,521537.3333333333,Derivada: extensão linear da trajectória planeada 2022-2025
IMP-educacao_e_formacao_profissional-kits_profissionais_distribuidos_cumulativo,Educação e Formação Profissional,Kits profissionais distribuídos (cumulativo),N.º,Maior é melhor,Linear,25483.0,26182.0,26881.0,27580.0,28279.0,28978.0,Derivada: extensão linear da trajectória planeada 2022-2025
IMP-educacao_e_formacao_profissional-estudantes_matriculados_no_ensino_superior_cumulativo,Educação e Formação Profissional,Estudantes matriculados no Ensino Superior (cumulativo),N.º,Maior é melhor,Linear,320432.0,350879.3333333333,381326.6666666667,411774.0,442221.3333333333,472668.6666666666,Derivada: extensão linear da trajectória planeada 2022-2025
IMP-infraestruturas_habitacao_e_servicos_comunitarios-estradas_nacionais_reabilitadas_cumulativo,"Infraestruturas, Habitação e Serviços Comunitários",Estradas Nacionais reabilitadas (cumulativo),Km,Maior é melhor,Linear,9474.0,9790.666666666666,10107.333333333334,10424.0,10740.666666666668,11057.333333333334,Derivada: extensão linear da trajectória planeada 2022-2025
IMP-infraestruturas_habitacao_e_servicos_comunitarios-equipamentos_sociais_construidos_ou_reabilitados_cumulativo,"Infraestruturas, Habitação e Serviços Comunitários",Equipamentos sociais construídos ou reabilitados (cumulativo),N.º,Maior é melhor,Linear,151.0,367.66666666666663,584.3333333333333,801.0,1017.6666666666666,1234.3333333333333,Derivada: extensão linear da trajectória planeada 2022-2025
IMP-infraestruturas_habitacao_e_servicos_comunitarios-construcao_e_reabilitacao_de_pontes_cumulativo,"Infraestruturas, Habitação e Serviços Comunitários",Construção e reabilitação de pontes (cumulativo),M,Maior é melhor,Linear,3910.0,5978.0,8046.0,10114.0,12182.0,14250.0,Derivada: extensão linear da trajectória planeada 2022-2025
IMP-infraestruturas_habitacao_e_servicos_comunitarios-taxa_de_electrificacao,"Infraestruturas, Habitação e Serviços Comunitários",Taxa de electrificação,% da população,Maior é melhor,Linear,43.0,44.333333333333336,45.666666666666664,47.0,48.0,49.0,Meta PDN 2027 publicada (p. 104)
IMP-infraestruturas_habitacao_e_servicos_comunitarios-numero_de_ligacoes_cumulativo,"Infraestruturas, Habitação e Serviços Comunitários",Número de ligações (cumulativo),Milhões,Maior é melhor,Linear,2.0,2.3333333333333335,2.6666666666666665,3.0,3.3333333333333335,3.666666666666667,Derivada: extensão linear da trajectória planeada 2022-2025
IMP-infraestruturas_habitacao_e_servicos_comunitarios-numero_de_sedes_municipais_com_distribuicao_de_energia_pela_ende,"Infraestruturas, Habitação e Serviços Comunitários",Número de sedes municipais com distribuição de energia pela ENDE,N.º,Maior é melhor,Geométrica (CAGR),90.0,91.6367211643441,93.30320739724165,95.0,96.72765011791876,98.48671891931063,Derivada: extensão geométrica da trajectória planeada 2022-2025
IMP-infraestruturas_habitacao_e_servicos_comunitarios-de_producao_total_de_energia_de_fontes_renovaveis,"Infraestruturas, Habitação e Serviços Comunitários",% de produção total de energia de fontes renováveis,%,Maior é melhor,Linear,65.0,66.0,67.0,68.0,70.5,73.0,Meta PDN 2027 publicada (p. 104)
IMP-infraestruturas_habitacao_e_servicos_comunitarios-potencia_instalada_proveniente_de_fontes_renovaveis,"Infraestruturas, Habitação e Serviços Comunitários",Potência instalada proveniente de fontes renováveis,GW,Maior é melhor,Geométrica (CAGR),4.0,4.0,4.0,4.0,4.0,4.0,Derivada: Meta MINPLAN 2025 mantida constante até 2027
IMP-infraestruturas_habitacao_e_servicos_comunitarios-quantidade_de_agua_tratada_cumulativo,"Infraestruturas, Habitação e Serviços Comunitários",Quantidade de água tratada (cumulativo),Mm³/d,Maior é melhor,Linear,1320.0,1423.3333333333333,1526.6666666666667,1630.0,1733.3333333333333,1836.6666666666665,Derivada: extensão linear da trajectória planeada 2022-2025
IMP-fomento_a_producao-toneladas_de_carne_produzidas,Fomento à Produção,Toneladas de carne produzidas,Toneladas,Maior é melhor,Geométrica (CAGR),319962.0,378923.4108651688,448750.0118817032,531444.0,647130.4907049272,788000.0,Meta PDN 2027 publicada (p. 138): 788 mil t convertidas para toneladas
IMP-fomento_a_producao-toneladas_de_raizes_e_tuberculos_produzidas,Fomento à Produção,Toneladas de raízes e tubérculos produzidas,Toneladas,Maior é melhor,Geométrica (CAGR),12922711.0,14245504.301119246,15703701.242967278,17311162.0,19083165.50051859,21036554.653014213,Derivada: extensão geométrica da trajectória planeada 2022-2025
IMP-fomento_a_producao-toneladas_de_fruta_produzidas,Fomento à Produção,Toneladas de fruta produzidas,Toneladas,Maior é melhor,Geométrica (CAGR),6079785.0,6620795.7549308725,7209948.448589984,7851527.0,8550196.533483524,9311037.300284859,Derivada: extensão geométrica da trajectória planeada 2022-2025
IMP-fomento_a_producao-toneladas_de_cereais_produzidas,Fomento à Produção,Toneladas de cereais produzidas,Toneladas,Maior é melhor,Geométrica (CAGR),3187951.0,4314638.079794705,5839519.41532807,7903325.0,10696521.68492975,14476891.201636324,Derivada: extensão geométrica da trajectória planeada 2022-2025
IMP-fomento_a_producao-toneladas_de_horticolas_produzidas,Fomento à Produção,Toneladas de hortícolas produzidas,Toneladas,Maior é melhor,Geométrica (CAGR),1975867.0,2100383.0311067076,2232745.866680804,2373450.0,2523021.0865307306,2682017.9077202836,Derivada: extensão geométrica da trajectória planeada 2022-2025
IMP-fomento_a_producao-ovos_produzidos,Fomento à Produção,Ovos produzidos,Milhões,Maior é melhor,Geométrica (CAGR),2694.0,2786.457261538693,2882.0876282040495,2981.0,3083.3070143455243,3189.1251743416,Derivada: extensão geométrica da trajectória planeada 2022-2025
IMP-fomento_a_producao-litros_de_leite_produzidos,Fomento à Produção,Litros de leite produzidos,Milhões de Litros,Maior é melhor,Geométrica (CAGR),6.0,7.559526299369239,9.524406311809196,12.0,15.119052598738477,19.048812623618396,Derivada: extensão geométrica da trajectória planeada 2022-2025
IMP-fomento_a_producao-unidades_industriais_no_subsector_da_industria_pesqueira_e_de_transformacao_de_carne_instaladas_cumulativo,Fomento à Produção,Unidades industriais no subsector da indústria pesqueira e de transformação de carne instaladas (cumulativo),N.º,Maior é melhor,Linear,9.0,16.0,23.0,30.0,37.0,44.0,Derivada: extensão linear da trajectória planeada 2022-2025
IMP-fomento_a_producao-toneladas_de_peixe_de_captura_industrial_e_semi_industrial_produzidas,Fomento à Produção,Toneladas de peixe de captura industrial e semi-industrial produzidas,Milhares de Toneladas,Maior é melhor,Geométrica (CAGR),335.0,342.17841482519634,349.5106494695048,357.0,364.6498331122241,372.4635876436215,Derivada: extensão geométrica da trajectória planeada 2022-2025
IMP-economico-taxa_de_crescimento_do_pib,Económico,Taxa de crescimento do PIB,%,Maior é melhor,Linear,4.0,3.6666666666666665,3.3333333333333335,3.0,3.0,3.0,Trajectória média PDN 2023-2027 (p. 13); não é meta anual específica
IMP-economico-taxa_de_crescimento_do_pib_nao_petrolifero,Económico,Taxa de crescimento do PIB não petrolífero,%,Maior é melhor,Linear,4.0,4.666666666666667,5.333333333333333,6.0,5.3,4.6,Trajectória média PDN 2023-2027 (p. 13); não é meta anual específica
IMP-economico-taxa_de_inflacao,Económico,Taxa de inflação,%,Menor é melhor,Linear,14.0,15.333333333333334,16.666666666666668,18.0,18.0,18.0,Derivada: Meta MINPLAN 2025 mantida constante até 2027
IMP-economico-taxa_de_desemprego,Económico,Taxa de Desemprego,%,Menor é melhor,Linear,30.0,28.333333333333332,26.666666666666668,25.0,25.0,25.0,Meta PDN 2027 publicada (p. 13)
