AnoMes,Valor,ID,Id,Modified,Created,AuthorId,Visualizar,Codigo,ContentTypeId,GUID,EditorId,Attachments,Idioma,odata.type,ServerRedirectedEmbedUrl,FileSystemObjectType,odata.id,odata.editLink,odata.etag,OData__UIVersionString
2016-01,15.2,73,73,2026-02-09T08:34:48Z,2022-01-17T13:31:40Z,1073741823,True,1.0,0x0100E253B8E39EF94A4280EF78BEFF3D88FA,1cdf9349-4174-4575-b9f6-e4fb4a3ab1e9,26,False,Português,SP.Data.Inflao_x0020_Homloga_x0020__x0020_NacionalListItem,,0,0c04c523-6d31-400e-b86c-50156bb5430d,Web/Lists(guid'1829c7ed-b4ce-4009-b07b-3b072320581d')/Items(73),"""4""",1.0
2016-02,18.26,74,74,2023-01-26T09:41:22Z,2022-01-17T13:31:40Z,1073741823,True,2.0,0x0100E253B8E39EF94A4280EF78BEFF3D88FA,21ff6da3-c657-4383-9083-5a37af06d66a,1073741823,False,Português,SP.Data.Inflao_x0020_Homloga_x0020__x0020_NacionalListItem,,0,9f740c86-a72a-4b13-9c5d-7486846317bb,Web/Lists(guid'1829c7ed-b4ce-4009-b07b-3b072320581d')/Items(74),"""2""",1.0
2016-03,21.46,75,75,2023-01-26T09:41:22Z,2022-01-17T13:31:40Z,1073741823,True,3.0,0x0100E253B8E39EF94A4280EF78BEFF3D88FA,f0766df2-0d8b-4fa8-afb0-4fa82780e5a0,1073741823,False,Português,SP.Data.Inflao_x0020_Homloga_x0020__x0020_NacionalListItem,,0,ddc5e6c3-6e5b-4bda-974c-13b9f7824486,Web/Lists(guid'1829c7ed-b4ce-4009-b07b-3b072320581d')/Items(75),"""2""",1.0
2016-04,24.34,76,76,2023-01-26T09:41:23Z,2022-01-17T13:31:41Z,1073741823,True,4.0,0x0100E253B8E39EF94A4280EF78BEFF3D88FA,dba55184-6be9-4ce8-a17f-71eaaeadc2ad,1073741823,False,Português,SP.Data.Inflao_x0020_Homloga_x0020__x0020_NacionalListItem,,0,87783c62-2228-4f51-96e7-d871ae4fd33a,Web/Lists(guid'1829c7ed-b4ce-4009-b07b-3b072320581d')/Items(76),"""2""",1.0
2016-05,27.14,77,77,2023-01-26T09:41:23Z,2022-01-17T13:31:41Z,1073741823,True,5.0,0x0100E253B8E39EF94A4280EF78BEFF3D88FA,8e910fe5-4138-401a-aaf4-cf8cb676612f,1073741823,False,Português,SP.Data.Inflao_x0020_Homloga_x0020__x0020_NacionalListItem,,0,909d8f30-b321-411d-939f-7842f88ba9cc,Web/Lists(guid'1829c7ed-b4ce-4009-b07b-3b072320581d')/Items(77),"""2""",1.0
2016-06,29.72,78,78,2023-01-26T09:41:23Z,2022-01-17T13:31:41Z,1073741823,True,6.0,0x0100E253B8E39EF94A4280EF78BEFF3D88FA,616e018d-3eda-493a-ab39-aa250e5750ad,1073741823,False,Português,SP.Data.Inflao_x0020_Homloga_x0020__x0020_NacionalListItem,,0,04925946-61db-427a-a7c3-1957b44c43b0,Web/Lists(guid'1829c7ed-b4ce-4009-b07b-3b072320581d')/Items(78),"""2""",1.0
2016-07,33.72,79,79,2023-01-26T09:41:23Z,2022-01-17T13:31:41Z,1073741823,True,7.0,0x0100E253B8E39EF94A4280EF78BEFF3D88FA,0e6b4522-9462-4fe5-90a1-8d5403b5fe62,1073741823,False,Português,SP.Data.Inflao_x0020_Homloga_x0020__x0020_NacionalListItem,,0,57391e3f-d543-41ab-8216-4cf3105d2b52,Web/Lists(guid'1829c7ed-b4ce-4009-b07b-3b072320581d')/Items(79),"""2""",1.0
2016-08,36.77,80,80,2023-01-26T09:41:23Z,2022-01-17T13:31:42Z,1073741823,True,8.0,0x0100E253B8E39EF94A4280EF78BEFF3D88FA,6ed827b6-ccc4-4560-bd98-7df13dabac1f,1073741823,False,Português,SP.Data.Inflao_x0020_Homloga_x0020__x0020_NacionalListItem,,0,a97963bc-f354-490f-9044-666295202cd9,Web/Lists(guid'1829c7ed-b4ce-4009-b07b-3b072320581d')/Items(80),"""2""",1.0
2016-09,38.2,81,81,2023-01-26T09:41:23Z,2022-01-17T13:31:42Z,1073741823,True,9.0,0x0100E253B8E39EF94A4280EF78BEFF3D88FA,e0f8464f-138c-4ed2-8ae4-f772fc798b7c,1073741823,False,Português,SP.Data.Inflao_x0020_Homloga_x0020__x0020_NacionalListItem,,0,e23e6ee2-2042-4a80-b5c5-400be4034743,Web/Lists(guid'1829c7ed-b4ce-4009-b07b-3b072320581d')/Items(81),"""2""",1.0
2016-10,38.69,82,82,2023-01-26T09:41:23Z,2022-01-17T13:31:42Z,1073741823,True,10.0,0x0100E253B8E39EF94A4280EF78BEFF3D88FA,ec6f8e56-0be9-4c81-bcc0-93f91cb0322f,1073741823,False,Português,SP.Data.Inflao_x0020_Homloga_x0020__x0020_NacionalListItem,,0,0b3df4e8-0a36-4eeb-97ed-87bb18effc4e,Web/Lists(guid'1829c7ed-b4ce-4009-b07b-3b072320581d')/Items(82),"""2""",1.0
2016-11,40.2,83,83,2023-01-26T09:41:23Z,2022-01-17T13:31:42Z,1073741823,True,11.0,0x0100E253B8E39EF94A4280EF78BEFF3D88FA,b13873d1-77eb-4b7d-95d9-fc61f52d4b55,1073741823,False,Português,SP.Data.Inflao_x0020_Homloga_x0020__x0020_NacionalListItem,,0,dc06fa00-f3b5-47ae-9848-73761ad7f6d9,Web/Lists(guid'1829c7ed-b4ce-4009-b07b-3b072320581d')/Items(83),"""2""",1.0
2016-12,41.12,84,84,2023-01-26T09:41:23Z,2022-01-17T13:31:43Z,1073741823,True,12.0,0x0100E253B8E39EF94A4280EF78BEFF3D88FA,b168a3e2-bad9-40c8-8b3c-d1b4ccd8cd13,1073741823,False,Português,SP.Data.Inflao_x0020_Homloga_x0020__x0020_NacionalListItem,,0,8ca5261d-ed9e-4ed6-8b5e-1df7e3113436,Web/Lists(guid'1829c7ed-b4ce-4009-b07b-3b072320581d')/Items(84),"""2""",1.0
2017-01,39.66,85,85,2023-01-26T09:41:24Z,2022-01-17T13:31:43Z,1073741823,True,13.0,0x0100E253B8E39EF94A4280EF78BEFF3D88FA,6b031707-1398-40c3-a93e-6a77d985c022,1073741823,False,Português,SP.Data.Inflao_x0020_Homloga_x0020__x0020_NacionalListItem,,0,9e8e006c-cf14-4050-863b-e6374ed95a11,Web/Lists(guid'1829c7ed-b4ce-4009-b07b-3b072320581d')/Items(85),"""2""",1.0
2017-02,38.32,86,86,2023-01-26T09:41:24Z,2022-01-17T13:31:43Z,1073741823,True,14.0,0x0100E253B8E39EF94A4280EF78BEFF3D88FA,d732d17a-acde-4375-b11f-f3d7d3440184,1073741823,False,Português,SP.Data.Inflao_x0020_Homloga_x0020__x0020_NacionalListItem,,0,3d253e4a-b043-4216-898f-c6e9da6d8e15,Web/Lists(guid'1829c7ed-b4ce-4009-b07b-3b072320581d')/Items(86),"""2""",1.0
2017-03,36.52,87,87,2023-01-26T09:41:24Z,2022-01-17T13:31:44Z,1073741823,True,15.0,0x0100E253B8E39EF94A4280EF78BEFF3D88FA,7e9aa45b-a4d9-443e-8228-613036354810,1073741823,False,Português,SP.Data.Inflao_x0020_Homloga_x0020__x0020_NacionalListItem,,0,f7bd3dcd-0fea-4fc1-89ea-edae8c51b466,Web/Lists(guid'1829c7ed-b4ce-4009-b07b-3b072320581d')/Items(87),"""2""",1.0
2017-04,34.8,88,88,2023-01-26T09:41:24Z,2022-01-17T13:31:44Z,1073741823,True,16.0,0x0100E253B8E39EF94A4280EF78BEFF3D88FA,d894c835-6055-482e-8ae5-fd9192f0d998,1073741823,False,Português,SP.Data.Inflao_x0020_Homloga_x0020__x0020_NacionalListItem,,0,c0d7232f-1cfb-4e91-b2cb-acbf7ccc37a5,Web/Lists(guid'1829c7ed-b4ce-4009-b07b-3b072320581d')/Items(88),"""2""",1.0
2017-05,32.58,89,89,2023-01-26T09:41:24Z,2022-01-17T13:31:45Z,1073741823,True,17.0,0x0100E253B8E39EF94A4280EF78BEFF3D88FA,9ddee0ad-a34d-45ca-9306-fdedbd6e7825,1073741823,False,Português,SP.Data.Inflao_x0020_Homloga_x0020__x0020_NacionalListItem,,0,e51ceabb-9005-49b3-9ac7-c8b378cffc62,Web/Lists(guid'1829c7ed-b4ce-4009-b07b-3b072320581d')/Items(89),"""2""",1.0
2017-06,30.51,90,90,2023-01-26T09:41:25Z,2022-01-17T13:31:45Z,1073741823,True,18.0,0x0100E253B8E39EF94A4280EF78BEFF3D88FA,2430181a-2d8e-4458-8baa-ee732459da7a,1073741823,False,Português,SP.Data.Inflao_x0020_Homloga_x0020__x0020_NacionalListItem,,0,101fed4f-f456-4f97-9751-f7da2e0087f5,Web/Lists(guid'1829c7ed-b4ce-4009-b07b-3b072320581d')/Items(90),"""2""",1.0
2017-07,27.29,91,91,2023-01-26T09:41:25Z,2022-01-17T13:31:45Z,1073741823,True,19.0,0x0100E253B8E39EF94A4280EF78BEFF3D88FA,6b3240e9-7607-4c9e-b49a-40397aea8949,1073741823,False,Português,SP.Data.Inflao_x0020_Homloga_x0020__x0020_NacionalListItem,,0,f15eca08-dbdb-4c90-a006-81a6046f1b97,Web/Lists(guid'1829c7ed-b4ce-4009-b07b-3b072320581d')/Items(91),"""2""",1.0
2017-08,25.18,92,92,2023-01-26T09:41:25Z,2022-01-17T13:31:46Z,1073741823,True,20.0,0x0100E253B8E39EF94A4280EF78BEFF3D88FA,1d5d775d-91be-4a01-bf9d-753c57f844dc,1073741823,False,Português,SP.Data.Inflao_x0020_Homloga_x0020__x0020_NacionalListItem,,0,629c9288-09eb-404d-ab45-81bcb27b2f61,Web/Lists(guid'1829c7ed-b4ce-4009-b07b-3b072320581d')/Items(92),"""2""",1.0
2017-09,25.18,93,93,2023-01-26T09:41:25Z,2022-01-17T13:31:46Z,1073741823,True,21.0,0x0100E253B8E39EF94A4280EF78BEFF3D88FA,52c7d506-6da4-4d94-9270-412108a64339,1073741823,False,Português,SP.Data.Inflao_x0020_Homloga_x0020__x0020_NacionalListItem,,0,314678f3-391b-45ad-a926-c46320a061e2,Web/Lists(guid'1829c7ed-b4ce-4009-b07b-3b072320581d')/Items(93),"""2""",1.0
2017-10,26.25,94,94,2023-01-26T09:41:25Z,2022-01-17T13:31:46Z,1073741823,True,22.0,0x0100E253B8E39EF94A4280EF78BEFF3D88FA,822c72a3-ba5d-4fac-ac40-80fa7b5f3720,1073741823,False,Português,SP.Data.Inflao_x0020_Homloga_x0020__x0020_NacionalListItem,,0,9d3f3300-75ff-4174-bd9a-0785183f4b23,Web/Lists(guid'1829c7ed-b4ce-4009-b07b-3b072320581d')/Items(94),"""2""",1.0
2017-11,24.7,95,95,2023-01-26T09:41:26Z,2022-01-17T13:31:46Z,1073741823,True,23.0,0x0100E253B8E39EF94A4280EF78BEFF3D88FA,76fb3691-86e1-481f-b139-d25ff067537f,1073741823,False,Português,SP.Data.Inflao_x0020_Homloga_x0020__x0020_NacionalListItem,,0,1709f012-f2d6-4e26-af9b-fadeb325c5fb,Web/Lists(guid'1829c7ed-b4ce-4009-b07b-3b072320581d')/Items(95),"""2""",1.0
2017-12,23.67,96,96,2023-01-26T09:41:26Z,2022-01-17T13:31:47Z,1073741823,True,24.0,0x0100E253B8E39EF94A4280EF78BEFF3D88FA,ddaaa511-8ba6-421b-9324-81765fca54e9,1073741823,False,Português,SP.Data.Inflao_x0020_Homloga_x0020__x0020_NacionalListItem,,0,e21adc9b-e5d4-4e11-a35b-2d5a5901b332,Web/Lists(guid'1829c7ed-b4ce-4009-b07b-3b072320581d')/Items(96),"""2""",1.0
2018-01,22.72,97,97,2023-01-26T09:41:26Z,2022-01-17T13:31:47Z,1073741823,True,25.0,0x0100E253B8E39EF94A4280EF78BEFF3D88FA,1dbc5f67-0e2f-4b50-89c8-b46f526341cb,1073741823,False,Português,SP.Data.Inflao_x0020_Homloga_x0020__x0020_NacionalListItem,,0,4f9fc0e5-fc6f-4744-b685-ccc342f790fd,Web/Lists(guid'1829c7ed-b4ce-4009-b07b-3b072320581d')/Items(97),"""2""",1.0
2018-02,21.47,98,98,2023-01-26T09:41:26Z,2022-01-17T13:31:47Z,1073741823,True,26.0,0x0100E253B8E39EF94A4280EF78BEFF3D88FA,dd3843c8-7cf1-4741-bb97-1f970d0be531,1073741823,False,Português,SP.Data.Inflao_x0020_Homloga_x0020__x0020_NacionalListItem,,0,7bae34de-4a32-47fb-811c-83173b8806a2,Web/Lists(guid'1829c7ed-b4ce-4009-b07b-3b072320581d')/Items(98),"""2""",1.0
2018-03,20.9,99,99,2023-01-26T09:41:26Z,2022-01-17T13:31:47Z,1073741823,True,27.0,0x0100E253B8E39EF94A4280EF78BEFF3D88FA,bfb13270-45f1-4a9e-a422-ba3a3cb4d4b7,1073741823,False,Português,SP.Data.Inflao_x0020_Homloga_x0020__x0020_NacionalListItem,,0,ef0ed595-e240-4ff6-b3b3-436e454d192c,Web/Lists(guid'1829c7ed-b4ce-4009-b07b-3b072320581d')/Items(99),"""2""",1.0
2018-04,20.22,100,100,2023-01-26T09:41:26Z,2022-01-17T13:31:48Z,1073741823,True,28.0,0x0100E253B8E39EF94A4280EF78BEFF3D88FA,c47d74b7-3a66-4427-aa74-e3c4fb6d582e,1073741823,False,Português,SP.Data.Inflao_x0020_Homloga_x0020__x0020_NacionalListItem,,0,67bd9829-d8ae-4f7f-a615-2cd875942732,Web/Lists(guid'1829c7ed-b4ce-4009-b07b-3b072320581d')/Items(100),"""2""",1.0
2018-05,19.84,101,101,2023-01-26T09:41:26Z,2022-01-17T13:31:48Z,1073741823,True,29.0,0x0100E253B8E39EF94A4280EF78BEFF3D88FA,b7942666-874f-4be1-8bc9-2e46f6f4fc3e,1073741823,False,Português,SP.Data.Inflao_x0020_Homloga_x0020__x0020_NacionalListItem,,0,6eeb3124-f128-4d58-8ce4-ff462a957bb0,Web/Lists(guid'1829c7ed-b4ce-4009-b07b-3b072320581d')/Items(101),"""2""",1.0
2018-06,19.52,102,102,2023-01-26T09:41:26Z,2022-01-17T13:31:49Z,1073741823,True,30.0,0x0100E253B8E39EF94A4280EF78BEFF3D88FA,65b90ddf-197f-466f-9f85-01b9502c9ba4,1073741823,False,Português,SP.Data.Inflao_x0020_Homloga_x0020__x0020_NacionalListItem,,0,d14e6d9d-e586-48f0-8689-ee3e0ff34d02,Web/Lists(guid'1829c7ed-b4ce-4009-b07b-3b072320581d')/Items(102),"""2""",1.0
2018-07,19.01,103,103,2023-01-26T09:41:26Z,2022-01-17T13:31:50Z,1073741823,True,31.0,0x0100E253B8E39EF94A4280EF78BEFF3D88FA,e51058c4-ead6-42b0-93ee-f1cca8f29520,1073741823,False,Português,SP.Data.Inflao_x0020_Homloga_x0020__x0020_NacionalListItem,,0,ca54da94-8730-40d6-977d-4011c1c66f71,Web/Lists(guid'1829c7ed-b4ce-4009-b07b-3b072320581d')/Items(103),"""2""",1.0
2018-08,18.56,104,104,2023-01-26T09:41:27Z,2022-01-17T13:31:49Z,1073741823,True,32.0,0x0100E253B8E39EF94A4280EF78BEFF3D88FA,da846fbe-7628-4326-b33c-0c53a16145e5,1073741823,False,Português,SP.Data.Inflao_x0020_Homloga_x0020__x0020_NacionalListItem,,0,3248ca10-8f77-461d-8f45-b96224a564a8,Web/Lists(guid'1829c7ed-b4ce-4009-b07b-3b072320581d')/Items(104),"""2""",1.0
2018-09,19.21,105,105,2023-01-26T09:41:27Z,2022-01-17T13:31:50Z,1073741823,True,33.0,0x0100E253B8E39EF94A4280EF78BEFF3D88FA,686c7cf4-fe0d-4223-a137-3902c4aed7f2,1073741823,False,Português,SP.Data.Inflao_x0020_Homloga_x0020__x0020_NacionalListItem,,0,f77dcd7a-aba9-44f3-9c15-16ff37c3dcd4,Web/Lists(guid'1829c7ed-b4ce-4009-b07b-3b072320581d')/Items(105),"""2""",1.0
2018-10,18.04,106,106,2023-01-26T09:41:27Z,2022-01-17T13:31:50Z,1073741823,True,34.0,0x0100E253B8E39EF94A4280EF78BEFF3D88FA,6ecc294d-2834-49e9-a3b2-e45ace114f00,1073741823,False,Português,SP.Data.Inflao_x0020_Homloga_x0020__x0020_NacionalListItem,,0,902c1c2d-726d-48e4-971b-0bd89dd3b001,Web/Lists(guid'1829c7ed-b4ce-4009-b07b-3b072320581d')/Items(106),"""2""",1.0
2018-11,18.35,107,107,2023-01-26T09:41:27Z,2022-01-17T13:31:50Z,1073741823,True,35.0,0x0100E253B8E39EF94A4280EF78BEFF3D88FA,87693bdd-903b-451f-af4e-380bbad3910e,1073741823,False,Português,SP.Data.Inflao_x0020_Homloga_x0020__x0020_NacionalListItem,,0,82e5986f-6472-4b4d-a87a-5e1a9ce24ad5,Web/Lists(guid'1829c7ed-b4ce-4009-b07b-3b072320581d')/Items(107),"""2""",1.0
2018-12,18.6,108,108,2023-01-26T09:41:27Z,2022-01-17T13:31:50Z,1073741823,True,36.0,0x0100E253B8E39EF94A4280EF78BEFF3D88FA,facfc26b-e4b6-486a-9dac-8ae1b1f70fb6,1073741823,False,Português,SP.Data.Inflao_x0020_Homloga_x0020__x0020_NacionalListItem,,0,07894407-aaa6-440f-b8fd-272f07d036f9,Web/Lists(guid'1829c7ed-b4ce-4009-b07b-3b072320581d')/Items(108),"""2""",1.0
2019-01,18.22,109,109,2023-01-26T09:41:27Z,2022-01-17T13:31:51Z,1073741823,True,37.0,0x0100E253B8E39EF94A4280EF78BEFF3D88FA,c66e79b3-cc63-4f36-9804-2b2acf565eba,1073741823,False,Português,SP.Data.Inflao_x0020_Homloga_x0020__x0020_NacionalListItem,,0,308dea4b-8f7c-4390-bacd-bf2b1018aa9a,Web/Lists(guid'1829c7ed-b4ce-4009-b07b-3b072320581d')/Items(109),"""2""",1.0
2019-02,17.96,110,110,2023-01-26T09:41:27Z,2022-01-17T13:31:51Z,1073741823,True,38.0,0x0100E253B8E39EF94A4280EF78BEFF3D88FA,eb6fc4f9-a91b-4adf-8ac1-f25fbc2237d9,1073741823,False,Português,SP.Data.Inflao_x0020_Homloga_x0020__x0020_NacionalListItem,,0,e57a1d06-173e-4017-bbc5-fa90dcb6e53a,Web/Lists(guid'1829c7ed-b4ce-4009-b07b-3b072320581d')/Items(110),"""2""",1.0
2019-03,17.56,111,111,2023-01-26T09:41:27Z,2022-01-17T13:31:51Z,1073741823,True,39.0,0x0100E253B8E39EF94A4280EF78BEFF3D88FA,b109f04b-880a-4e85-8b9f-34fee6938872,1073741823,False,Português,SP.Data.Inflao_x0020_Homloga_x0020__x0020_NacionalListItem,,0,bf8dbd65-90a5-471b-be97-9b007d606fc4,Web/Lists(guid'1829c7ed-b4ce-4009-b07b-3b072320581d')/Items(111),"""2""",1.0
2019-04,17.36,112,112,2023-01-26T09:41:27Z,2022-01-17T13:31:51Z,1073741823,True,40.0,0x0100E253B8E39EF94A4280EF78BEFF3D88FA,a84550ce-dbce-4fa9-9683-8163bd2b7434,1073741823,False,Português,SP.Data.Inflao_x0020_Homloga_x0020__x0020_NacionalListItem,,0,cfaee244-0c9f-4a00-8bf3-6043dae052da,Web/Lists(guid'1829c7ed-b4ce-4009-b07b-3b072320581d')/Items(112),"""2""",1.0
2019-05,17.14,113,113,2023-01-26T09:41:27Z,2022-01-17T13:31:52Z,1073741823,True,41.0,0x0100E253B8E39EF94A4280EF78BEFF3D88FA,4294267d-2bc6-4465-a8f2-465dbdeef85d,1073741823,False,Português,SP.Data.Inflao_x0020_Homloga_x0020__x0020_NacionalListItem,,0,55664000-159c-4bd3-97a2-63e03f97c76a,Web/Lists(guid'1829c7ed-b4ce-4009-b07b-3b072320581d')/Items(113),"""2""",1.0
2019-06,16.94,114,114,2023-01-26T09:41:27Z,2022-01-17T13:31:52Z,1073741823,True,42.0,0x0100E253B8E39EF94A4280EF78BEFF3D88FA,3e6cf828-75a4-4a3f-8644-9fbf2859f239,1073741823,False,Português,SP.Data.Inflao_x0020_Homloga_x0020__x0020_NacionalListItem,,0,f271878a-7785-4a0d-96b6-a91b4481298e,Web/Lists(guid'1829c7ed-b4ce-4009-b07b-3b072320581d')/Items(114),"""2""",1.0
2019-07,17.24,115,115,2023-01-26T09:41:27Z,2022-01-17T13:31:52Z,1073741823,True,43.0,0x0100E253B8E39EF94A4280EF78BEFF3D88FA,8c820399-c17f-4afa-8b52-9ac2056799cb,1073741823,False,Português,SP.Data.Inflao_x0020_Homloga_x0020__x0020_NacionalListItem,,0,803f073e-e19e-43a0-bc06-491c7a2788ee,Web/Lists(guid'1829c7ed-b4ce-4009-b07b-3b072320581d')/Items(115),"""2""",1.0
2019-08,17.5,116,116,2023-01-26T09:41:27Z,2022-01-17T13:31:52Z,1073741823,True,44.0,0x0100E253B8E39EF94A4280EF78BEFF3D88FA,848f6834-0354-4acf-bd68-bf9d52a6e57a,1073741823,False,Português,SP.Data.Inflao_x0020_Homloga_x0020__x0020_NacionalListItem,,0,625df9c8-814d-456b-8b9e-de01f71e315b,Web/Lists(guid'1829c7ed-b4ce-4009-b07b-3b072320581d')/Items(116),"""2""",1.0
2019-09,16.08,117,117,2023-01-26T09:41:27Z,2022-01-17T13:31:53Z,1073741823,True,45.0,0x0100E253B8E39EF94A4280EF78BEFF3D88FA,c9a026f4-202d-4932-9760-b8bc802baf0e,1073741823,False,Português,SP.Data.Inflao_x0020_Homloga_x0020__x0020_NacionalListItem,,0,8df0a0f1-a82a-4460-91e8-bda140c028e2,Web/Lists(guid'1829c7ed-b4ce-4009-b07b-3b072320581d')/Items(117),"""2""",1.0
2019-10,16.08,118,118,2023-01-26T09:41:28Z,2022-01-17T13:31:53Z,1073741823,True,46.0,0x0100E253B8E39EF94A4280EF78BEFF3D88FA,a6044c2f-9794-44df-8a03-939291f7ff5e,1073741823,False,Português,SP.Data.Inflao_x0020_Homloga_x0020__x0020_NacionalListItem,,0,b8cce554-05f7-4212-aa4c-c585e41425a1,Web/Lists(guid'1829c7ed-b4ce-4009-b07b-3b072320581d')/Items(118),"""2""",1.0
2019-11,16.32,119,119,2023-01-26T09:41:28Z,2022-01-17T13:31:54Z,1073741823,True,47.0,0x0100E253B8E39EF94A4280EF78BEFF3D88FA,422cca28-24e8-4ff7-b472-00ca84a24cd2,1073741823,False,Português,SP.Data.Inflao_x0020_Homloga_x0020__x0020_NacionalListItem,,0,4dc43e4c-3fbb-44b0-89d3-b331b68a81aa,Web/Lists(guid'1829c7ed-b4ce-4009-b07b-3b072320581d')/Items(119),"""2""",1.0
2019-12,16.9,120,120,2023-01-26T09:41:28Z,2022-01-17T13:31:54Z,1073741823,True,48.0,0x0100E253B8E39EF94A4280EF78BEFF3D88FA,3eb8bd21-f1fd-47aa-80e0-491b4ffd31bb,1073741823,False,Português,SP.Data.Inflao_x0020_Homloga_x0020__x0020_NacionalListItem,,0,0aaffbcd-12ad-4ab2-ab51-f84fe0e47315,Web/Lists(guid'1829c7ed-b4ce-4009-b07b-3b072320581d')/Items(120),"""2""",1.0
2020-01,17.95,121,121,2023-01-26T09:41:28Z,2022-01-17T13:31:56Z,1073741823,True,49.0,0x0100E253B8E39EF94A4280EF78BEFF3D88FA,e7ab76fe-03f3-4800-8f84-675475124d9e,1073741823,False,Português,SP.Data.Inflao_x0020_Homloga_x0020__x0020_NacionalListItem,,0,cdec27b8-7ddb-4acf-98a2-508a82fca051,Web/Lists(guid'1829c7ed-b4ce-4009-b07b-3b072320581d')/Items(121),"""2""",1.0
2020-02,18.74,122,122,2023-01-26T09:41:28Z,2022-01-17T13:31:57Z,1073741823,True,50.0,0x0100E253B8E39EF94A4280EF78BEFF3D88FA,faa3308f-d638-4403-a988-9e4be7cfcdda,1073741823,False,Português,SP.Data.Inflao_x0020_Homloga_x0020__x0020_NacionalListItem,,0,b6f48496-8a84-4ce1-97b7-f021bdd3acd3,Web/Lists(guid'1829c7ed-b4ce-4009-b07b-3b072320581d')/Items(122),"""2""",1.0
2020-03,19.62,123,123,2023-01-26T09:41:28Z,2022-01-17T13:31:57Z,1073741823,True,51.0,0x0100E253B8E39EF94A4280EF78BEFF3D88FA,67060723-998e-45fa-bf14-bda3c9c35144,1073741823,False,Português,SP.Data.Inflao_x0020_Homloga_x0020__x0020_NacionalListItem,,0,dd1f0c06-4903-4338-9111-8af5db49dc92,Web/Lists(guid'1829c7ed-b4ce-4009-b07b-3b072320581d')/Items(123),"""2""",1.0
2020-04,20.81,124,124,2023-01-26T09:41:28Z,2022-01-17T13:31:57Z,1073741823,True,52.0,0x0100E253B8E39EF94A4280EF78BEFF3D88FA,4610d88d-4cd2-4f70-9314-10f863fcef5d,1073741823,False,Português,SP.Data.Inflao_x0020_Homloga_x0020__x0020_NacionalListItem,,0,d6f7a586-90e4-4315-9979-510763716e38,Web/Lists(guid'1829c7ed-b4ce-4009-b07b-3b072320581d')/Items(124),"""2""",1.0
2020-05,21.82,125,125,2023-01-26T09:41:28Z,2022-01-17T13:31:57Z,1073741823,True,53.0,0x0100E253B8E39EF94A4280EF78BEFF3D88FA,a7b5b208-e6d6-48cc-b04c-4a7f9f355d43,1073741823,False,Português,SP.Data.Inflao_x0020_Homloga_x0020__x0020_NacionalListItem,,0,a446faca-2f8e-44d7-855a-7488ace6acaf,Web/Lists(guid'1829c7ed-b4ce-4009-b07b-3b072320581d')/Items(125),"""2""",1.0
2020-06,22.62,126,126,2023-01-26T09:41:28Z,2022-01-17T13:31:58Z,1073741823,True,54.0,0x0100E253B8E39EF94A4280EF78BEFF3D88FA,09f16cdd-928b-4d30-85aa-a37b0dc7950c,1073741823,False,Português,SP.Data.Inflao_x0020_Homloga_x0020__x0020_NacionalListItem,,0,9d306b23-4d65-4f05-984c-11e983a51eff,Web/Lists(guid'1829c7ed-b4ce-4009-b07b-3b072320581d')/Items(126),"""2""",1.0
2020-07,22.93,127,127,2023-01-26T09:41:28Z,2022-01-17T13:31:58Z,1073741823,True,55.0,0x0100E253B8E39EF94A4280EF78BEFF3D88FA,c50b7c02-0f5b-416b-995d-7a3df3702c08,1073741823,False,Português,SP.Data.Inflao_x0020_Homloga_x0020__x0020_NacionalListItem,,0,9c7c3621-b548-4cb6-a67f-2a0b003a1490,Web/Lists(guid'1829c7ed-b4ce-4009-b07b-3b072320581d')/Items(127),"""2""",1.0
2020-08,23.41,128,128,2023-01-26T09:41:28Z,2022-01-17T13:31:58Z,1073741823,True,56.0,0x0100E253B8E39EF94A4280EF78BEFF3D88FA,f4a086ab-7d0f-4ac3-89e7-4da672aeefcd,1073741823,False,Português,SP.Data.Inflao_x0020_Homloga_x0020__x0020_NacionalListItem,,0,ab9f84b3-1947-405c-852e-b1a7bc9eca76,Web/Lists(guid'1829c7ed-b4ce-4009-b07b-3b072320581d')/Items(128),"""2""",1.0
2020-09,23.82,129,129,2023-01-26T09:41:28Z,2022-01-17T13:31:58Z,1073741823,True,57.0,0x0100E253B8E39EF94A4280EF78BEFF3D88FA,5cc49b8a-f3f9-432d-99cb-958a4d54a478,1073741823,False,Português,SP.Data.Inflao_x0020_Homloga_x0020__x0020_NacionalListItem,,0,5c62602e-b197-4a7a-ace0-7f0b434c8399,Web/Lists(guid'1829c7ed-b4ce-4009-b07b-3b072320581d')/Items(129),"""2""",1.0
2020-10,24.34,130,130,2023-01-26T09:41:28Z,2022-01-17T13:31:59Z,1073741823,True,58.0,0x0100E253B8E39EF94A4280EF78BEFF3D88FA,b6ff8a9a-311e-443f-941f-5573fa49e9fd,1073741823,False,Português,SP.Data.Inflao_x0020_Homloga_x0020__x0020_NacionalListItem,,0,5a15001b-f3a1-4867-afbe-0c8faaa8fbcf,Web/Lists(guid'1829c7ed-b4ce-4009-b07b-3b072320581d')/Items(130),"""2""",1.0
2020-11,24.9,131,131,2023-01-26T09:41:28Z,2022-01-17T13:31:59Z,1073741823,True,59.0,0x0100E253B8E39EF94A4280EF78BEFF3D88FA,eb333421-fd79-4830-9ef6-f4684716f5ab,1073741823,False,Português,SP.Data.Inflao_x0020_Homloga_x0020__x0020_NacionalListItem,,0,9d17144e-6b6e-4ac7-9967-e2d893298110,Web/Lists(guid'1829c7ed-b4ce-4009-b07b-3b072320581d')/Items(131),"""2""",1.0
2020-12,25.1,132,132,2023-01-26T09:41:29Z,2022-01-17T13:31:59Z,1073741823,True,60.0,0x0100E253B8E39EF94A4280EF78BEFF3D88FA,be60017a-8ac0-412e-b3a0-f91f560e5e24,1073741823,False,Português,SP.Data.Inflao_x0020_Homloga_x0020__x0020_NacionalListItem,,0,2f050b5f-c209-4911-b576-9fd1a0137556,Web/Lists(guid'1829c7ed-b4ce-4009-b07b-3b072320581d')/Items(132),"""2""",1.0
2021-01,24.41,133,133,2023-01-26T09:41:29Z,2022-01-17T13:31:59Z,1073741823,True,61.0,0x0100E253B8E39EF94A4280EF78BEFF3D88FA,d5ab66bc-af43-4455-aeaf-b400dcfb94aa,1073741823,False,Português,SP.Data.Inflao_x0020_Homloga_x0020__x0020_NacionalListItem,,0,85914e3c-c6c1-4e66-be00-8992145ab4ed,Web/Lists(guid'1829c7ed-b4ce-4009-b07b-3b072320581d')/Items(133),"""2""",1.0
2021-02,24.85,134,134,2023-01-26T09:41:29Z,2022-01-17T13:32:00Z,1073741823,True,62.0,0x0100E253B8E39EF94A4280EF78BEFF3D88FA,a3b98c20-e424-482a-88b2-3e54bb641dfd,1073741823,False,Português,SP.Data.Inflao_x0020_Homloga_x0020__x0020_NacionalListItem,,0,e3f6f03b-2c1f-40ff-98f8-05b67f6dffe2,Web/Lists(guid'1829c7ed-b4ce-4009-b07b-3b072320581d')/Items(134),"""2""",1.0
2021-03,24.77,135,135,2023-01-26T09:41:29Z,2022-01-17T13:32:00Z,1073741823,True,63.0,0x0100E253B8E39EF94A4280EF78BEFF3D88FA,78e92a1b-ce67-49ed-a8d5-5c130fb20adf,1073741823,False,Português,SP.Data.Inflao_x0020_Homloga_x0020__x0020_NacionalListItem,,0,28acd9b8-3c2f-43f2-bf6b-b0a38434dcf9,Web/Lists(guid'1829c7ed-b4ce-4009-b07b-3b072320581d')/Items(135),"""2""",1.0
2021-04,24.82,136,136,2023-01-26T09:41:29Z,2022-01-17T13:32:00Z,1073741823,True,64.0,0x0100E253B8E39EF94A4280EF78BEFF3D88FA,6ab9285b-19de-45f3-bfc7-2d97aaefe7c7,1073741823,False,Português,SP.Data.Inflao_x0020_Homloga_x0020__x0020_NacionalListItem,,0,2eaa4830-81ac-4a07-9306-998b233a5c97,Web/Lists(guid'1829c7ed-b4ce-4009-b07b-3b072320581d')/Items(136),"""2""",1.0
2021-05,24.94,137,137,2023-01-26T09:41:29Z,2022-01-17T13:32:00Z,1073741823,True,65.0,0x0100E253B8E39EF94A4280EF78BEFF3D88FA,622ea87c-59fa-40a4-8177-a0e1c2f675e1,1073741823,False,Português,SP.Data.Inflao_x0020_Homloga_x0020__x0020_NacionalListItem,,0,f7aff58b-80e3-4665-a08b-299847d73d74,Web/Lists(guid'1829c7ed-b4ce-4009-b07b-3b072320581d')/Items(137),"""2""",1.0
2021-06,25.32,138,138,2023-01-26T09:41:29Z,2022-01-17T13:32:01Z,1073741823,True,66.0,0x0100E253B8E39EF94A4280EF78BEFF3D88FA,30ac0d96-3ef1-4b90-9e92-14ff4018b17f,1073741823,False,Português,SP.Data.Inflao_x0020_Homloga_x0020__x0020_NacionalListItem,,0,6d193191-2c47-4644-bb06-8700d073cf07,Web/Lists(guid'1829c7ed-b4ce-4009-b07b-3b072320581d')/Items(138),"""2""",1.0
2021-07,25.72,139,139,2023-01-26T09:41:29Z,2022-01-17T13:32:01Z,1073741823,True,67.0,0x0100E253B8E39EF94A4280EF78BEFF3D88FA,e8d3b93e-40fe-41d3-99b4-bf47a1261d03,1073741823,False,Português,SP.Data.Inflao_x0020_Homloga_x0020__x0020_NacionalListItem,,0,58ede106-0df0-47d3-a1eb-70f9e29adcf0,Web/Lists(guid'1829c7ed-b4ce-4009-b07b-3b072320581d')/Items(139),"""2""",1.0
2021-08,26.09,140,140,2023-01-26T09:41:29Z,2022-01-17T13:32:02Z,1073741823,True,68.0,0x0100E253B8E39EF94A4280EF78BEFF3D88FA,a27c681d-6125-401f-b82d-1ed4c68e413d,1073741823,False,Português,SP.Data.Inflao_x0020_Homloga_x0020__x0020_NacionalListItem,,0,98ab1e9e-dfb3-4345-a3c3-900586fccef5,Web/Lists(guid'1829c7ed-b4ce-4009-b07b-3b072320581d')/Items(140),"""2""",1.0
2021-09,26.57,141,141,2023-01-26T09:41:29Z,2022-01-17T13:32:01Z,1073741823,True,69.0,0x0100E253B8E39EF94A4280EF78BEFF3D88FA,4c4cd4ee-90ea-41d2-af63-aab18911a1a2,1073741823,False,Português,SP.Data.Inflao_x0020_Homloga_x0020__x0020_NacionalListItem,,0,e2bb72d9-8653-4132-8ba7-ca8ed08fea36,Web/Lists(guid'1829c7ed-b4ce-4009-b07b-3b072320581d')/Items(141),"""2""",1.0
2021-10,26.87,142,142,2023-01-26T09:41:29Z,2022-01-17T13:32:01Z,1073741823,True,70.0,0x0100E253B8E39EF94A4280EF78BEFF3D88FA,5ff63871-d6fa-48bd-a3ff-ac102ac5f157,1073741823,False,Português,SP.Data.Inflao_x0020_Homloga_x0020__x0020_NacionalListItem,,0,6f07e8da-32ac-4188-9e3a-2f397d5a63be,Web/Lists(guid'1829c7ed-b4ce-4009-b07b-3b072320581d')/Items(142),"""2""",1.0
2021-11,26.98,143,143,2023-01-26T09:41:29Z,2022-01-17T13:32:02Z,1073741823,True,71.0,0x0100E253B8E39EF94A4280EF78BEFF3D88FA,21832498-e751-4fa5-8888-0a02ea2c4260,1073741823,False,Português,SP.Data.Inflao_x0020_Homloga_x0020__x0020_NacionalListItem,,0,cce540bb-01d1-4165-8a9f-ba542d7bd5a8,Web/Lists(guid'1829c7ed-b4ce-4009-b07b-3b072320581d')/Items(143),"""2""",1.0
2021-12,27.03,144,144,2023-01-26T09:41:29Z,2022-01-17T13:32:02Z,1073741823,True,72.0,0x0100E253B8E39EF94A4280EF78BEFF3D88FA,a3f81511-5020-43b6-8a26-c697505e93bd,1073741823,False,Português,SP.Data.Inflao_x0020_Homloga_x0020__x0020_NacionalListItem,,0,9c626ba2-e4c0-480a-848d-1cf84e97eb75,Web/Lists(guid'1829c7ed-b4ce-4009-b07b-3b072320581d')/Items(144),"""2""",1.0
2022-01,27.66,145,145,2023-01-26T09:41:29Z,2022-03-03T08:42:47Z,25,True,1.0,0x0100E253B8E39EF94A4280EF78BEFF3D88FA,e75546aa-1cee-48df-8582-90a2a5639932,1073741823,False,Português,SP.Data.Inflao_x0020_Homloga_x0020__x0020_NacionalListItem,,0,3b519eb4-259d-4efe-851d-548bbdfc5217,Web/Lists(guid'1829c7ed-b4ce-4009-b07b-3b072320581d')/Items(145),"""2""",1.0
2022-02,27.28,146,146,2023-01-26T09:41:29Z,2022-03-15T09:58:46Z,27,True,2.0,0x0100E253B8E39EF94A4280EF78BEFF3D88FA,77b71d41-f784-4422-b2f5-95ad0cba9bf0,1073741823,False,Português,SP.Data.Inflao_x0020_Homloga_x0020__x0020_NacionalListItem,,0,2bd8d2f6-ed15-432f-aa47-76fc918953db,Web/Lists(guid'1829c7ed-b4ce-4009-b07b-3b072320581d')/Items(146),"""4""",1.0
2022-03,27.0,147,147,2023-01-26T09:41:29Z,2022-04-13T17:20:05Z,26,True,,0x0100E253B8E39EF94A4280EF78BEFF3D88FA,e455535e-b6e2-4297-88f4-bdd61693f74e,1073741823,False,Português,SP.Data.Inflao_x0020_Homloga_x0020__x0020_NacionalListItem,,0,913d80cf-ccd7-47f6-adac-b764b1784f25,Web/Lists(guid'1829c7ed-b4ce-4009-b07b-3b072320581d')/Items(147),"""2""",1.0
2022-04,25.79,148,148,2023-01-26T09:41:29Z,2022-05-13T10:13:14Z,26,True,,0x0100E253B8E39EF94A4280EF78BEFF3D88FA,f2554ab0-2121-4f19-be12-7371844535b9,1073741823,False,Português,SP.Data.Inflao_x0020_Homloga_x0020__x0020_NacionalListItem,,0,12633907-04d5-4973-a246-246792d488ba,Web/Lists(guid'1829c7ed-b4ce-4009-b07b-3b072320581d')/Items(148),"""2""",1.0
2022-05,24.42,149,149,2023-01-26T09:41:29Z,2022-06-14T07:16:10Z,26,True,,0x0100E253B8E39EF94A4280EF78BEFF3D88FA,3b58711b-3aca-4139-9afe-f25d5895c468,1073741823,False,Português,SP.Data.Inflao_x0020_Homloga_x0020__x0020_NacionalListItem,,0,d6368594-48ba-444e-ae69-8d0abacbdab9,Web/Lists(guid'1829c7ed-b4ce-4009-b07b-3b072320581d')/Items(149),"""2""",1.0
2022-06,22.96,150,150,2023-01-26T09:41:29Z,2022-07-12T16:01:54Z,27,True,,0x0100E253B8E39EF94A4280EF78BEFF3D88FA,b2b5abb1-0887-400c-9948-becf372d97a5,1073741823,False,Português,SP.Data.Inflao_x0020_Homloga_x0020__x0020_NacionalListItem,,0,6b49c3eb-3b2a-4d80-8c1f-0add2d79b1f2,Web/Lists(guid'1829c7ed-b4ce-4009-b07b-3b072320581d')/Items(150),"""4""",1.0
2022-07,21.4,151,151,2023-01-26T09:41:30Z,2022-08-15T08:20:17Z,26,True,,0x0100E253B8E39EF94A4280EF78BEFF3D88FA,38b57ff1-7855-4daa-bade-267da44095eb,1073741823,False,Português,SP.Data.Inflao_x0020_Homloga_x0020__x0020_NacionalListItem,,0,afd617a2-d49e-4573-9d98-decee0430506,Web/Lists(guid'1829c7ed-b4ce-4009-b07b-3b072320581d')/Items(151),"""2""",1.0
2022-08,19.78,152,152,2023-01-26T09:41:30Z,2022-09-13T07:36:25Z,26,True,,0x0100E253B8E39EF94A4280EF78BEFF3D88FA,fc9d3d37-9661-478c-9f16-d0be32140443,1073741823,False,Português,SP.Data.Inflao_x0020_Homloga_x0020__x0020_NacionalListItem,,0,7aa89f40-51c1-4212-beed-52e41e95e744,Web/Lists(guid'1829c7ed-b4ce-4009-b07b-3b072320581d')/Items(152),"""2""",1.0
2022-09,18.16,153,153,2023-01-26T09:41:30Z,2022-10-13T07:41:29Z,26,True,,0x0100E253B8E39EF94A4280EF78BEFF3D88FA,cd6b7b7f-a96f-47af-bd25-437e5eb2f9ce,1073741823,False,Português,SP.Data.Inflao_x0020_Homloga_x0020__x0020_NacionalListItem,,0,83904d90-6d36-421c-959e-57fa074de3bf,Web/Lists(guid'1829c7ed-b4ce-4009-b07b-3b072320581d')/Items(153),"""2""",1.0
2022-10,16.68,154,154,2023-01-26T09:41:30Z,2022-11-14T08:05:19Z,26,True,,0x0100E253B8E39EF94A4280EF78BEFF3D88FA,55da5137-24d3-4e82-81c0-075799700a83,1073741823,False,Português,SP.Data.Inflao_x0020_Homloga_x0020__x0020_NacionalListItem,,0,98c7d0bf-c1f4-4822-8dc1-61e7a878c765,Web/Lists(guid'1829c7ed-b4ce-4009-b07b-3b072320581d')/Items(154),"""2""",1.0
2022-11,15.24,155,155,2023-01-26T09:41:30Z,2022-12-13T07:36:56Z,26,True,,0x0100E253B8E39EF94A4280EF78BEFF3D88FA,9375b080-3f76-4349-bdc1-f9f8bb3329d0,1073741823,False,Português,SP.Data.Inflao_x0020_Homloga_x0020__x0020_NacionalListItem,,0,f52ae5ae-0a6c-4f21-bc66-2f22686749bf,Web/Lists(guid'1829c7ed-b4ce-4009-b07b-3b072320581d')/Items(155),"""2""",1.0
2022-12,13.86,156,156,2023-01-26T09:41:30Z,2023-01-13T07:53:48Z,26,True,,0x0100E253B8E39EF94A4280EF78BEFF3D88FA,2a5d5e1a-b974-48fe-9865-584ad9e57df0,1073741823,False,Português,SP.Data.Inflao_x0020_Homloga_x0020__x0020_NacionalListItem,,0,af158e35-bfbe-43ea-8440-be0031ef879b,Web/Lists(guid'1829c7ed-b4ce-4009-b07b-3b072320581d')/Items(156),"""2""",1.0
2023-01,12.55,169,169,2023-02-14T10:08:10Z,2023-02-14T10:08:10Z,26,True,,0x0100E253B8E39EF94A4280EF78BEFF3D88FA,fb893ef0-920d-4743-aefc-7b089ced2da1,26,False,Português,SP.Data.Inflao_x0020_Homloga_x0020__x0020_NacionalListItem,,0,b7cc53a3-d2d5-436f-bbf0-6dd2bfeb79a6,Web/Lists(guid'1829c7ed-b4ce-4009-b07b-3b072320581d')/Items(169),"""1""",1.0
2023-02,11.54,171,171,2023-03-14T07:37:15Z,2023-03-14T07:37:15Z,26,True,,0x0100E253B8E39EF94A4280EF78BEFF3D88FA,6d987204-5993-4e17-8d30-7e572047b29c,26,False,Português,SP.Data.Inflao_x0020_Homloga_x0020__x0020_NacionalListItem,,0,9f098887-1448-4247-8c7a-3a74885c464f,Web/Lists(guid'1829c7ed-b4ce-4009-b07b-3b072320581d')/Items(171),"""1""",1.0
2023-03,10.81,172,172,2023-04-13T12:21:23Z,2023-04-13T12:21:23Z,26,True,,0x0100E253B8E39EF94A4280EF78BEFF3D88FA,21bc5f69-c654-401c-981d-765f5a02ddd7,26,False,Português,SP.Data.Inflao_x0020_Homloga_x0020__x0020_NacionalListItem,,0,e42a7a53-f115-437e-8627-728b1261a282,Web/Lists(guid'1829c7ed-b4ce-4009-b07b-3b072320581d')/Items(172),"""1""",1.0
2023-04,10.59,173,173,2023-05-15T08:16:33Z,2023-05-15T08:16:33Z,26,True,,0x0100E253B8E39EF94A4280EF78BEFF3D88FA,effc0c0f-7c85-4f4c-a1a8-0933a3574110,26,False,Português,SP.Data.Inflao_x0020_Homloga_x0020__x0020_NacionalListItem,,0,2e55ee85-7b75-4aca-a040-4301effdfd7b,Web/Lists(guid'1829c7ed-b4ce-4009-b07b-3b072320581d')/Items(173),"""1""",1.0
2023-05,10.62,174,174,2023-06-13T08:20:11Z,2023-06-13T08:20:11Z,26,True,,0x0100E253B8E39EF94A4280EF78BEFF3D88FA,3dcc1c5a-38bf-4c10-aa51-58c305072274,26,False,Português,SP.Data.Inflao_x0020_Homloga_x0020__x0020_NacionalListItem,,0,01a2c122-5c70-4fc1-adec-e4eb1bebecbb,Web/Lists(guid'1829c7ed-b4ce-4009-b07b-3b072320581d')/Items(174),"""1""",1.0
2023-06,11.25,175,175,2023-07-13T07:44:03Z,2023-07-13T07:44:03Z,26,True,,0x0100E253B8E39EF94A4280EF78BEFF3D88FA,d2eeb8b2-3b26-4080-9410-ba6b88164c25,26,False,Português,SP.Data.Inflao_x0020_Homloga_x0020__x0020_NacionalListItem,,0,582a3a5b-1b4d-4bfe-8a22-a9d8c82355b5,Web/Lists(guid'1829c7ed-b4ce-4009-b07b-3b072320581d')/Items(175),"""1""",1.0
2023-07,12.12,176,176,2023-08-15T10:15:34Z,2023-08-15T10:15:34Z,27,True,,0x0100E253B8E39EF94A4280EF78BEFF3D88FA,2dbb0609-a1de-4c36-a15c-4fc1aeea0d2e,27,False,Português,SP.Data.Inflao_x0020_Homloga_x0020__x0020_NacionalListItem,,0,94a56a27-61d0-4c14-b0ae-7aaddecee347,Web/Lists(guid'1829c7ed-b4ce-4009-b07b-3b072320581d')/Items(176),"""1""",1.0
2023-08,13.54,177,177,2023-09-13T07:34:41Z,2023-09-13T07:34:41Z,26,True,,0x0100E253B8E39EF94A4280EF78BEFF3D88FA,a1da944a-5709-4863-b19b-f4d0df23f970,26,False,Português,SP.Data.Inflao_x0020_Homloga_x0020__x0020_NacionalListItem,,0,604a0511-76e4-4411-bf42-cfb1adacfb5b,Web/Lists(guid'1829c7ed-b4ce-4009-b07b-3b072320581d')/Items(177),"""1""",1.0
2023-09,15.01,178,178,2023-10-12T14:42:14Z,2023-10-12T14:42:14Z,26,True,,0x0100E253B8E39EF94A4280EF78BEFF3D88FA,37d96c7c-8e09-478f-992e-a257d89d81a1,26,False,Português,SP.Data.Inflao_x0020_Homloga_x0020__x0020_NacionalListItem,,0,07eb9f47-908c-49a6-bc8a-f7d37fb9cb00,Web/Lists(guid'1829c7ed-b4ce-4009-b07b-3b072320581d')/Items(178),"""1""",1.0
2023-10,16.58,179,179,2023-11-14T14:18:42Z,2023-11-14T14:18:42Z,26,True,,0x0100E253B8E39EF94A4280EF78BEFF3D88FA,5e0cef43-0ba5-4727-9fff-7f7b5649d32d,26,False,Português,SP.Data.Inflao_x0020_Homloga_x0020__x0020_NacionalListItem,,0,3739e599-b6d6-4dda-bfbb-5090aef3df7b,Web/Lists(guid'1829c7ed-b4ce-4009-b07b-3b072320581d')/Items(179),"""1""",1.0
2023-11,18.19,180,180,2023-12-13T10:17:23Z,2023-12-13T10:17:23Z,26,True,,0x0100E253B8E39EF94A4280EF78BEFF3D88FA,3c66f984-8c2d-4b1a-9758-859084a93603,26,False,Português,SP.Data.Inflao_x0020_Homloga_x0020__x0020_NacionalListItem,,0,3ec1436f-49b9-4b04-93cb-427c58d4842f,Web/Lists(guid'1829c7ed-b4ce-4009-b07b-3b072320581d')/Items(180),"""1""",1.0
2023-12,20.01,181,181,2024-01-12T10:56:39Z,2024-01-12T10:56:39Z,26,True,,0x0100E253B8E39EF94A4280EF78BEFF3D88FA,51edd04a-97df-4b0c-8efc-1cd58b4bce4e,26,False,Português,SP.Data.Inflao_x0020_Homloga_x0020__x0020_NacionalListItem,,0,f3cf5a88-dfda-4429-aef6-78e58df05241,Web/Lists(guid'1829c7ed-b4ce-4009-b07b-3b072320581d')/Items(181),"""1""",1.0
2024-01,21.99,182,182,2024-02-15T08:46:14Z,2024-02-15T08:46:14Z,26,True,,0x0100E253B8E39EF94A4280EF78BEFF3D88FA,bb22ebf5-be4f-4fbe-8731-4ef30494fb5f,26,False,Português,SP.Data.Inflao_x0020_Homloga_x0020__x0020_NacionalListItem,,0,f95ce822-3e3d-41a5-abc0-9012c0bed8fe,Web/Lists(guid'1829c7ed-b4ce-4009-b07b-3b072320581d')/Items(182),"""1""",1.0
2024-02,24.07,183,183,2024-03-13T09:39:22Z,2024-03-13T09:39:22Z,26,True,,0x0100E253B8E39EF94A4280EF78BEFF3D88FA,91632f8f-47a2-44e9-8fff-6521bc213042,26,False,Português,SP.Data.Inflao_x0020_Homloga_x0020__x0020_NacionalListItem,,0,a43a31ef-17c4-46d4-ad93-7c257ad25213,Web/Lists(guid'1829c7ed-b4ce-4009-b07b-3b072320581d')/Items(183),"""1""",1.0
2024-03,26.09,184,184,2024-04-15T07:52:44Z,2024-04-15T07:52:44Z,26,True,,0x0100E253B8E39EF94A4280EF78BEFF3D88FA,1184300e-c3c6-410b-99b5-113f94e96a3c,26,False,Português,SP.Data.Inflao_x0020_Homloga_x0020__x0020_NacionalListItem,,0,e985abfc-a156-438d-a129-7ba3c2d523a6,Web/Lists(guid'1829c7ed-b4ce-4009-b07b-3b072320581d')/Items(184),"""1""",1.0
2024-04,28.2,185,185,2024-05-13T13:38:04Z,2024-05-13T13:38:04Z,26,True,,0x0100E253B8E39EF94A4280EF78BEFF3D88FA,ae781893-4db4-4d59-aa49-1f972f4c74ae,26,False,Português,SP.Data.Inflao_x0020_Homloga_x0020__x0020_NacionalListItem,,0,fa393344-02a9-42ce-bec8-016a22c52bfa,Web/Lists(guid'1829c7ed-b4ce-4009-b07b-3b072320581d')/Items(185),"""1""",1.0
2024-05,30.16,186,186,2024-06-13T08:01:45Z,2024-06-13T08:01:45Z,26,True,,0x0100E253B8E39EF94A4280EF78BEFF3D88FA,0fb5b335-2935-4bc6-b47c-628361925788,26,False,Português,SP.Data.Inflao_x0020_Homloga_x0020__x0020_NacionalListItem,,0,9d8fce58-6265-42d8-ab33-1f2f3940a9d2,Web/Lists(guid'1829c7ed-b4ce-4009-b07b-3b072320581d')/Items(186),"""1""",1.0
2024-06,31.0,187,187,2024-07-12T13:31:11Z,2024-07-12T13:31:11Z,27,True,,0x0100E253B8E39EF94A4280EF78BEFF3D88FA,ff395b4d-217c-4d41-89a0-3e6763c92b57,27,False,Português,SP.Data.Inflao_x0020_Homloga_x0020__x0020_NacionalListItem,,0,52d41242-ce75-4ad0-ace6-f015e845fa8a,Web/Lists(guid'1829c7ed-b4ce-4009-b07b-3b072320581d')/Items(187),"""1""",1.0
2024-07,31.09,188,188,2024-08-13T08:42:43Z,2024-08-13T08:42:43Z,26,True,,0x0100E253B8E39EF94A4280EF78BEFF3D88FA,42a9c844-5e6d-4431-ab66-53eb4b5fed0a,26,False,Português,SP.Data.Inflao_x0020_Homloga_x0020__x0020_NacionalListItem,,0,7ecd8571-0ba2-43de-b8b1-f5d200281e15,Web/Lists(guid'1829c7ed-b4ce-4009-b07b-3b072320581d')/Items(188),"""1""",1.0
2024-08,30.53,189,189,2024-09-13T10:17:14Z,2024-09-13T10:17:14Z,26,True,,0x0100E253B8E39EF94A4280EF78BEFF3D88FA,5cc473a5-cb8f-4a79-9700-21ac1f3b9257,26,False,Português,SP.Data.Inflao_x0020_Homloga_x0020__x0020_NacionalListItem,,0,8e2c57f0-2560-4e2d-bfef-870c5ce7f6a6,Web/Lists(guid'1829c7ed-b4ce-4009-b07b-3b072320581d')/Items(189),"""1""",1.0
2024-09,29.93,190,190,2024-10-14T09:20:56Z,2024-10-14T09:20:56Z,27,True,,0x0100E253B8E39EF94A4280EF78BEFF3D88FA,d3637150-8e9d-443b-a0ba-f1eed4855dd9,27,False,Português,SP.Data.Inflao_x0020_Homloga_x0020__x0020_NacionalListItem,,0,aec6a34c-2006-4c56-9378-b3d82d8e7123,Web/Lists(guid'1829c7ed-b4ce-4009-b07b-3b072320581d')/Items(190),"""1""",1.0
2024-10,29.17,191,191,2024-11-13T10:46:53Z,2024-11-13T10:46:53Z,27,True,,0x0100E253B8E39EF94A4280EF78BEFF3D88FA,a23b65b4-3348-451a-9e9f-eb3c8184983a,27,False,Português,SP.Data.Inflao_x0020_Homloga_x0020__x0020_NacionalListItem,,0,d1ae0000-71ad-44d7-9f0f-0e96cfd2a4af,Web/Lists(guid'1829c7ed-b4ce-4009-b07b-3b072320581d')/Items(191),"""1""",1.0
2024-11,28.41,192,192,2024-12-13T11:05:30Z,2024-12-13T11:05:30Z,27,True,,0x0100E253B8E39EF94A4280EF78BEFF3D88FA,a50fdb50-8ef2-4b73-9324-5a081a9400b1,27,False,Português,SP.Data.Inflao_x0020_Homloga_x0020__x0020_NacionalListItem,,0,8e40aff7-757c-40ba-aece-23871ce0f03f,Web/Lists(guid'1829c7ed-b4ce-4009-b07b-3b072320581d')/Items(192),"""1""",1.0
2024-12,27.5,193,193,2025-01-14T12:22:46Z,2025-01-14T12:22:46Z,27,True,,0x0100E253B8E39EF94A4280EF78BEFF3D88FA,05b2aaed-0dd4-46a2-8b8f-93dc8158e38e,27,False,Português,SP.Data.Inflao_x0020_Homloga_x0020__x0020_NacionalListItem,,0,c947f9f5-ef46-4584-bf35-7a0429bd6daf,Web/Lists(guid'1829c7ed-b4ce-4009-b07b-3b072320581d')/Items(193),"""1""",1.0
2025-01,26.48,194,194,2025-02-13T10:36:13Z,2025-02-13T10:36:13Z,27,True,,0x0100E253B8E39EF94A4280EF78BEFF3D88FA,56d62c17-b688-4def-b847-82477e886682,27,False,Português,SP.Data.Inflao_x0020_Homloga_x0020__x0020_NacionalListItem,,0,8b088dae-7f68-4c97-9de5-dd3b87890d5a,Web/Lists(guid'1829c7ed-b4ce-4009-b07b-3b072320581d')/Items(194),"""1""",1.0
2025-02,25.26,195,195,2025-03-13T07:54:36Z,2025-03-13T07:54:36Z,27,True,,0x0100E253B8E39EF94A4280EF78BEFF3D88FA,0808eeda-df8f-42be-9ff5-9658d628ad60,27,False,Português,SP.Data.Inflao_x0020_Homloga_x0020__x0020_NacionalListItem,,0,5c0496f4-c1b2-462a-8fa8-54573c989f9e,Web/Lists(guid'1829c7ed-b4ce-4009-b07b-3b072320581d')/Items(195),"""1""",1.0
2025-03,23.85,196,196,2025-04-11T14:09:59Z,2025-04-11T14:09:59Z,27,True,,0x0100E253B8E39EF94A4280EF78BEFF3D88FA,6141adac-b1c1-412d-8989-b409cd87951f,27,False,Português,SP.Data.Inflao_x0020_Homloga_x0020__x0020_NacionalListItem,,0,32afd38a-234d-4c61-8a6d-3443ad658320,Web/Lists(guid'1829c7ed-b4ce-4009-b07b-3b072320581d')/Items(196),"""1""",1.0
2025-04,22.32,197,197,2025-05-13T07:41:18Z,2025-05-13T07:41:18Z,26,True,,0x0100E253B8E39EF94A4280EF78BEFF3D88FA,610cc0e7-7dd8-4026-bfe7-dafabd0103d0,26,False,Português,SP.Data.Inflao_x0020_Homloga_x0020__x0020_NacionalListItem,,0,28210c96-928f-4ac8-9289-7f7b8d9eb717,Web/Lists(guid'1829c7ed-b4ce-4009-b07b-3b072320581d')/Items(197),"""1""",1.0
2025-05,20.74,198,198,2025-06-12T12:33:28Z,2025-06-12T12:33:28Z,26,True,,0x0100E253B8E39EF94A4280EF78BEFF3D88FA,7d01b593-8542-4b96-bf4e-c64a6ef235d8,26,False,Português,SP.Data.Inflao_x0020_Homloga_x0020__x0020_NacionalListItem,,0,30fd766e-2622-4083-8b00-078d3b837483,Web/Lists(guid'1829c7ed-b4ce-4009-b07b-3b072320581d')/Items(198),"""1""",1.0
2025-06,19.73,199,199,2025-07-14T10:52:57Z,2025-07-14T10:52:57Z,26,True,,0x0100E253B8E39EF94A4280EF78BEFF3D88FA,7a8553d3-2d2d-450f-b9cd-fe2d97609b68,26,False,Português,SP.Data.Inflao_x0020_Homloga_x0020__x0020_NacionalListItem,,0,6276c160-76cd-4387-aea6-bd25f4df3999,Web/Lists(guid'1829c7ed-b4ce-4009-b07b-3b072320581d')/Items(199),"""1""",1.0
2025-07,19.48,200,200,2025-08-11T08:52:33Z,2025-08-11T08:52:33Z,26,True,,0x0100E253B8E39EF94A4280EF78BEFF3D88FA,d9287708-5e37-4a25-b023-377678f1d545,26,False,Português,SP.Data.Inflao_x0020_Homloga_x0020__x0020_NacionalListItem,,0,deb13f21-d7bf-4fe7-88e0-6dd96c4b0450,Web/Lists(guid'1829c7ed-b4ce-4009-b07b-3b072320581d')/Items(200),"""1""",1.0
2025-08,18.88,201,201,2025-09-09T10:20:20Z,2025-09-09T10:20:20Z,27,True,,0x0100E253B8E39EF94A4280EF78BEFF3D88FA,922f62f2-5389-485d-abec-44fd82001579,27,False,Português,SP.Data.Inflao_x0020_Homloga_x0020__x0020_NacionalListItem,,0,070ef280-867c-495a-bcd2-3ef3dde3f066,Web/Lists(guid'1829c7ed-b4ce-4009-b07b-3b072320581d')/Items(201),"""1""",1.0
2025-09,18.16,202,202,2025-12-08T11:39:11Z,2025-10-08T13:48:25Z,27,True,,0x0100E253B8E39EF94A4280EF78BEFF3D88FA,f053f13f-4ccd-44b1-a0b2-6a125c498038,27,False,Português,SP.Data.Inflao_x0020_Homloga_x0020__x0020_NacionalListItem,,0,0190773e-ffb8-4e61-87b0-3f4cfe02bd9a,Web/Lists(guid'1829c7ed-b4ce-4009-b07b-3b072320581d')/Items(202),"""4""",1.0
2025-10,17.43,203,203,2025-11-07T14:38:32Z,2025-11-07T14:38:32Z,26,True,,0x0100E253B8E39EF94A4280EF78BEFF3D88FA,7f868d73-31aa-4578-8437-2a564cbee70c,26,False,Português,SP.Data.Inflao_x0020_Homloga_x0020__x0020_NacionalListItem,,0,d2be8a03-536c-45b9-83b1-51e6f865b728,Web/Lists(guid'1829c7ed-b4ce-4009-b07b-3b072320581d')/Items(203),"""1""",1.0
2025-11,16.56,204,204,2025-12-08T11:35:30Z,2025-12-08T11:35:30Z,27,True,,0x0100E253B8E39EF94A4280EF78BEFF3D88FA,1a65e687-c512-464f-ba10-8eaf00a170a5,27,False,Português,SP.Data.Inflao_x0020_Homloga_x0020__x0020_NacionalListItem,,0,14ebd1ce-5138-42dd-88af-d97503c1875f,Web/Lists(guid'1829c7ed-b4ce-4009-b07b-3b072320581d')/Items(204),"""1""",1.0
2025-12,15.7,205,205,2026-01-09T08:10:51Z,2026-01-09T08:10:51Z,27,True,,0x0100E253B8E39EF94A4280EF78BEFF3D88FA,e5a246e4-89a6-46ec-91ea-907d3fe2b2d0,27,False,Português,SP.Data.Inflao_x0020_Homloga_x0020__x0020_NacionalListItem,,0,97c894bc-4356-4068-ae1d-aef98f57c6fc,Web/Lists(guid'1829c7ed-b4ce-4009-b07b-3b072320581d')/Items(205),"""1""",1.0
2026-01,14.56,206,206,2026-02-09T08:34:08Z,2026-02-09T08:34:08Z,26,True,,0x0100E253B8E39EF94A4280EF78BEFF3D88FA,e0cc89bd-8927-456c-a299-cc39a407a91b,26,False,Português,SP.Data.Inflao_x0020_Homloga_x0020__x0020_NacionalListItem,,0,1e5fc843-0a43-45bc-873f-d5f191a35eb1,Web/Lists(guid'1829c7ed-b4ce-4009-b07b-3b072320581d')/Items(206),"""1""",1.0
2026-01,14.56,207,207,2026-02-10T14:14:09Z,2026-02-10T14:14:09Z,27,True,,0x0100E253B8E39EF94A4280EF78BEFF3D88FA,986df104-a3ec-4d35-969e-8c1b2d0c53e0,27,False,Português,SP.Data.Inflao_x0020_Homloga_x0020__x0020_NacionalListItem,,0,ae504d08-87a3-438a-aea5-bf552ba99124,Web/Lists(guid'1829c7ed-b4ce-4009-b07b-3b072320581d')/Items(207),"""1""",1.0
2026-02,13.35,208,208,2026-03-09T15:12:01Z,2026-03-09T15:12:01Z,26,True,,0x0100E253B8E39EF94A4280EF78BEFF3D88FA,2e2dd856-2152-4bc3-a86c-818057ebf6c8,26,False,Português,SP.Data.Inflao_x0020_Homloga_x0020__x0020_NacionalListItem,,0,6825ea9d-a0a6-498c-8765-16019b100902,Web/Lists(guid'1829c7ed-b4ce-4009-b07b-3b072320581d')/Items(208),"""1""",1.0
2026-03,12.42,209,209,2026-04-08T14:22:10Z,2026-04-08T14:22:10Z,26,True,,0x0100E253B8E39EF94A4280EF78BEFF3D88FA,92dac163-724e-448b-b231-ca009e5df83d,26,False,Português,SP.Data.Inflao_x0020_Homloga_x0020__x0020_NacionalListItem,,0,13c85250-8ccb-4b1d-97ad-27335d88f2bb,Web/Lists(guid'1829c7ed-b4ce-4009-b07b-3b072320581d')/Items(209),"""1""",1.0
2026-04,11.58,210,210,2026-05-08T12:57:31Z,2026-05-08T12:57:31Z,27,True,,0x0100E253B8E39EF94A4280EF78BEFF3D88FA,f00cd2e9-8fba-4225-bb23-a6ed4db8d67a,27,False,Português,SP.Data.Inflao_x0020_Homloga_x0020__x0020_NacionalListItem,,0,4f485a05-1c58-4805-9681-391eafc1e6d2,Web/Lists(guid'1829c7ed-b4ce-4009-b07b-3b072320581d')/Items(210),"""1""",1.0
